https://www.natureindex.com/article/10.1016/j.epsl.2020.116472,Earth and Planetary Science Letters
https://www.natureindex.com/article/10.1016/j.epsl.2020.116423,Earth and Planetary Science Letters
https://www.natureindex.com/article/10.1016/j.epsl.2020.116421,Earth and Planetary Science Letters
https://www.natureindex.com/article/10.1016/j.epsl.2019.116041,Earth and Planetary Science Letters
https://www.natureindex.com/article/10.1016/j.epsl.2019.115872,Earth and Planetary Science Letters
https://www.natureindex.com/article/10.1111/ele.13628,Ecology Letters
https://www.natureindex.com/article/10.1111/ele.13605,Ecology Letters
https://www.natureindex.com/article/10.1111/ele.13576,Ecology Letters
https://www.natureindex.com/article/10.1111/ele.13471,Ecology Letters
https://www.natureindex.com/article/10.1111/ele.13463,Ecology Letters
https://www.natureindex.com/article/10.1111/ele.13439,Ecology Letters
https://www.natureindex.com/article/10.1111/ele.13404,Ecology Letters
https://www.natureindex.com/article/10.1021/acs.est.0c04875,Environmental Science and Technology
https://www.natureindex.com/article/10.1021/acs.est.0c02936,Environmental Science and Technology
https://www.natureindex.com/article/10.1021/acs.est.0c04641,Environmental Science and Technology
https://www.natureindex.com/article/10.1021/acs.est.0c02721,Environmental Science and Technology
https://www.natureindex.com/article/10.1021/acs.est.0c03219,Environmental Science and Technology
https://www.natureindex.com/article/10.1021/acs.est.0c01791,Environmental Science and Technology
https://www.natureindex.com/article/10.1021/acs.est.0c00805,Environmental Science and Technology
https://www.natureindex.com/article/10.1021/acs.est.9b07018,Environmental Science and Technology
https://www.natureindex.com/article/10.1021/acs.est.9b05558,Environmental Science and Technology
https://www.natureindex.com/article/10.1016/j.gca.2020.11.005,Geochimica et Cosmochimica Acta
https://www.natureindex.com/article/10.1016/j.gca.2020.10.020,Geochimica et Cosmochimica Acta
https://www.natureindex.com/article/10.1016/j.gca.2020.09.031,Geochimica et Cosmochimica Acta
https://www.natureindex.com/article/10.1016/j.gca.2020.01.035,Geochimica et Cosmochimica Acta
https://www.natureindex.com/article/10.1016/j.gca.2020.01.028,Geochimica et Cosmochimica Acta
https://www.natureindex.com/article/10.1130/g47234.1,Geology
https://www.natureindex.com/article/10.1130/g47346.1,Geology
https://www.natureindex.com/article/10.1130/g47008.1,Geology
https://www.natureindex.com/article/10.1130/g46740.1,Geology
https://www.natureindex.com/article/10.1130/g46923.1,Geology
https://www.natureindex.com/article/10.1029/2020gl088761,Geophysical Research Letters
https://www.natureindex.com/article/10.1029/2020gl089464,Geophysical Research Letters
https://www.natureindex.com/article/10.1029/2020gl089093,Geophysical Research Letters
https://www.natureindex.com/article/10.1029/2020gl088096,Geophysical Research Letters
https://www.natureindex.com/article/10.1029/2020gl088748,Geophysical Research Letters
https://www.natureindex.com/article/10.1029/2020gl088924,Geophysical Research Letters
https://www.natureindex.com/article/10.1029/2020gl088678,Geophysical Research Letters
https://www.natureindex.com/article/10.1029/2020gl087948,Geophysical Research Letters
https://www.natureindex.com/article/10.1029/2020gl087274,Geophysical Research Letters
https://www.natureindex.com/article/10.1029/2020gl088644,Geophysical Research Letters
https://www.natureindex.com/article/10.1029/2020gl088888,Geophysical Research Letters
https://www.natureindex.com/article/10.1029/2019gl086574,Geophysical Research Letters
https://www.natureindex.com/article/10.1029/2019gl086442,Geophysical Research Letters
https://www.natureindex.com/article/10.1029/2020gl087478,Geophysical Research Letters
https://www.natureindex.com/article/10.1029/2019gl086653,Geophysical Research Letters
https://www.natureindex.com/article/10.1029/2019gl084143,Geophysical Research Letters
https://www.natureindex.com/article/10.1029/2019gl084879,Geophysical Research Letters
https://www.natureindex.com/article/10.1029/2020jd032731,Journal of Geophysical Research: Atmospheres
https://www.natureindex.com/article/10.1029/2019jd032263,Journal of Geophysical Research: Atmospheres
https://www.natureindex.com/article/10.1029/2019jd031187,Journal of Geophysical Research: Atmospheres
https://www.natureindex.com/article/10.1029/2019jd031767,Journal of Geophysical Research: Atmospheres
https://www.natureindex.com/article/10.1029/2019jd031445,Journal of Geophysical Research: Atmospheres
https://www.natureindex.com/article/10.1029/2019jb017884,Journal of Geophysical Research: Solid Earth
https://www.natureindex.com/article/10.1038/s41586-020-2784-9,Nature
https://www.natureindex.com/article/10.1038/s41586-020-2705-y,Nature
https://www.natureindex.com/article/10.1038/s41586-020-2549-5,Nature
https://www.natureindex.com/article/10.1038/s41586-020-2519-y,Nature
https://www.natureindex.com/article/10.1038/s41586-020-2162-7,Nature
https://www.natureindex.com/article/10.1038/s41586-020-2126-y,Nature
https://www.natureindex.com/article/10.1038/s41558-020-0899-5,Nature Climate Change
https://www.natureindex.com/article/10.1038/s41467-020-19870-y,Nature Communications
https://www.natureindex.com/article/10.1038/s41467-020-18996-3,Nature Communications
https://www.natureindex.com/article/10.1038/s41467-020-19021-3,Nature Communications
https://www.natureindex.com/article/10.1038/s41467-020-18876-w,Nature Communications
https://www.natureindex.com/article/10.1038/s41467-020-18787-w,Nature Communications
https://www.natureindex.com/article/10.1038/s41467-020-18338-3,Nature Communications
https://www.natureindex.com/article/10.1038/s41467-020-17966-z,Nature Communications
https://www.natureindex.com/article/10.1038/s41467-020-17289-z,Nature Communications
https://www.natureindex.com/article/10.1038/s41467-020-17164-x,Nature Communications
https://www.natureindex.com/article/10.1038/s41467-020-17036-4,Nature Communications
https://www.natureindex.com/article/10.1038/s41467-020-15929-y,Nature Communications
https://www.natureindex.com/article/10.1038/s41467-020-15861-1,Nature Communications
https://www.natureindex.com/article/10.1038/s41467-020-15414-6,Nature Communications
https://www.natureindex.com/article/10.1038/s41467-020-15165-4,Nature Communications
https://www.natureindex.com/article/10.1038/s41561-019-0511-7,Nature Geoscience
https://www.natureindex.com/article/10.1073/pnas.2012246117,Proceedings of the National Academy of Sciences of the United States of America
https://www.natureindex.com/article/10.1073/pnas.2005255117,Proceedings of the National Academy of Sciences of the United States of America
https://www.natureindex.com/article/10.1073/pnas.2007869117,Proceedings of the National Academy of Sciences of the United States of America
https://www.natureindex.com/article/10.1073/pnas.1918943117,Proceedings of the National Academy of Sciences of the United States of America
https://www.natureindex.com/article/10.1073/pnas.1920877117,Proceedings of the National Academy of Sciences of the United States of America
https://www.natureindex.com/article/10.1073/pnas.1918683117,Proceedings of the National Academy of Sciences of the United States of America
https://www.natureindex.com/article/10.1073/pnas.1910853117,Proceedings of the National Academy of Sciences of the United States of America
https://www.natureindex.com/article/10.1073/pnas.1913321117,Proceedings of the National Academy of Sciences of the United States of America
https://www.natureindex.com/article/10.1126/science.abb8092,Science
https://www.natureindex.com/article/10.1126/science.aba7580,Science
https://www.natureindex.com/article/10.1126/science.aaw7578,Science
https://www.natureindex.com/article/10.1126/science.aax9387,Science
https://www.natureindex.com/article/10.1126/sciadv.aaz8360,Science Advances
https://www.natureindex.com/article/10.1126/sciadv.aba7573,Science Advances
https://www.natureindex.com/article/10.1126/sciadv.abc1176,Science Advances
https://www.natureindex.com/article/10.1126/sciadv.aaz5443,Science Advances
https://www.natureindex.com/article/10.1126/sciadv.aax4718,Science Advances
https://www.natureindex.com/article/10.1126/sciadv.aay3314,Science Advances
https://www.natureindex.com/article/10.1126/sciadv.aay4593,Science Advances
https://www.natureindex.com/article/10.1126/sciadv.aay1632,Science Advances
https://www.natureindex.com/article/10.1016/j.watres.2020.116581,Water Research
https://www.natureindex.com/article/10.1016/j.watres.2020.116545,Water Research
https://www.natureindex.com/article/10.1016/j.watres.2020.116517,Water Research
https://www.natureindex.com/article/10.1016/j.watres.2020.116108,Water Research
https://www.natureindex.com/article/10.1016/j.watres.2020.116183,Water Research
https://www.natureindex.com/article/10.1016/j.watres.2020.116352,Water Research
https://www.natureindex.com/article/10.1016/j.watres.2020.116287,Water Research
https://www.natureindex.com/article/10.1016/j.watres.2020.116210,Water Research
https://www.natureindex.com/article/10.1016/j.watres.2020.116079,Water Research
https://www.natureindex.com/article/10.1016/j.watres.2020.115816,Water Research
https://www.natureindex.com/article/10.1016/j.watres.2020.115630,Water Research
https://www.natureindex.com/article/10.1016/j.watres.2019.115143,Water Research
https://www.natureindex.com/article/10.1016/j.watres.2019.115028,Water Research
https://www.natureindex.com/article/10.1016/j.ajhg.2020.08.005,American Journal of Human Genetics
https://www.natureindex.com/article/10.1016/j.ajhg.2020.06.006,American Journal of Human Genetics
https://www.natureindex.com/article/10.1016/j.ajhg.2020.05.017,American Journal of Human Genetics
https://www.natureindex.com/article/10.1016/j.ajhg.2020.02.007,American Journal of Human Genetics
https://www.natureindex.com/article/10.1016/j.ccell.2020.10.013,Cancer Cell
https://www.natureindex.com/article/10.1016/j.ccell.2019.12.007,Cancer Cell
https://www.natureindex.com/article/10.1158/0008-5472.can-20-0390,Cancer Research
https://www.natureindex.com/article/10.1158/0008-5472.can-19-3674,Cancer Research
https://www.natureindex.com/article/10.1158/0008-5472.can-19-2175,Cancer Research
https://www.natureindex.com/article/10.1158/0008-5472.can-18-3574,Cancer Research
https://www.natureindex.com/article/10.1158/0008-5472.can-18-2796,Cancer Research
https://www.natureindex.com/article/10.1016/j.cell.2020.08.039,Cell
https://www.natureindex.com/article/10.1016/j.cell.2020.07.019,Cell
https://www.natureindex.com/article/10.1016/j.cell.2020.04.032,Cell
https://www.natureindex.com/article/10.1016/j.cell.2019.11.032,Cell
https://www.natureindex.com/article/10.1016/j.cell.2019.11.020,Cell
https://www.natureindex.com/article/10.1016/j.chom.2020.09.005,Cell Host & Microbe
https://www.natureindex.com/article/10.1016/j.chom.2020.03.011,Cell Host & Microbe
https://www.natureindex.com/article/10.1016/j.cmet.2020.08.001,Cell Metabolism
https://www.natureindex.com/article/10.1016/j.cmet.2020.07.007,Cell Metabolism
https://www.natureindex.com/article/10.1016/j.stem.2020.04.018,Cell Stem Cell
https://www.natureindex.com/article/10.1016/j.cub.2020.10.038,Current Biology
https://www.natureindex.com/article/10.1016/j.cub.2020.09.051,Current Biology
https://www.natureindex.com/article/10.1016/j.cub.2020.06.086,Current Biology
https://www.natureindex.com/article/10.1016/j.cub.2020.04.071,Current Biology
https://www.natureindex.com/article/10.1016/j.cub.2020.01.064,Current Biology
https://www.natureindex.com/article/10.1016/j.cub.2020.01.051,Current Biology
https://www.natureindex.com/article/10.1016/j.cub.2019.12.005,Current Biology
https://www.natureindex.com/article/10.1016/j.cub.2019.11.002,Current Biology
https://www.natureindex.com/article/10.1111/ele.13628,Ecology Letters
https://www.natureindex.com/article/10.1111/ele.13605,Ecology Letters
https://www.natureindex.com/article/10.1111/ele.13576,Ecology Letters
https://www.natureindex.com/article/10.1111/ele.13471,Ecology Letters
https://www.natureindex.com/article/10.1111/ele.13463,Ecology Letters
https://www.natureindex.com/article/10.1111/ele.13439,Ecology Letters
https://www.natureindex.com/article/10.1111/ele.13404,Ecology Letters
https://www.natureindex.com/article/10.1101/gr.260141.119,Genome Research
https://www.natureindex.com/article/10.1101/gr.254656.119,Genome Research
https://www.natureindex.com/article/10.1074/jbc.ra120.014974,Journal of Biological Chemistry
https://www.natureindex.com/article/10.1074/jbc.ra120.014906,Journal of Biological Chemistry
https://www.natureindex.com/article/10.1074/jbc.ra120.014905,Journal of Biological Chemistry
https://www.natureindex.com/article/10.1074/jbc.ra120.013589,Journal of Biological Chemistry
https://www.natureindex.com/article/10.1074/jbc.ra120.013090,Journal of Biological Chemistry
https://www.natureindex.com/article/10.1074/jbc.ra119.012420,Journal of Biological Chemistry
https://www.natureindex.com/article/10.1074/jbc.ra120.012793,Journal of Biological Chemistry
https://www.natureindex.com/article/10.1074/jbc.ra120.012583,Journal of Biological Chemistry
https://www.natureindex.com/article/10.1074/jbc.ra119.011271,Journal of Biological Chemistry
https://www.natureindex.com/article/10.1074/jbc.ra119.011147,Journal of Biological Chemistry
https://www.natureindex.com/article/10.1074/jbc.ra119.011122,Journal of Biological Chemistry
https://www.natureindex.com/article/10.1172/jci134778,Journal of Clinical Investigation
https://www.natureindex.com/article/10.1172/jci136564,Journal of Clinical Investigation
https://www.natureindex.com/article/10.1172/jci132031,Journal of Clinical Investigation
https://www.natureindex.com/article/10.1172/jci124635,Journal of Clinical Investigation
https://www.natureindex.com/article/10.1172/jci129301,Journal of Clinical Investigation
https://www.natureindex.com/article/10.1084/jem.20190613,Journal of Experimental Medicine
https://www.natureindex.com/article/10.1084/jem.20190489,Journal of Experimental Medicine
https://www.natureindex.com/article/10.1084/jem.20191520,Journal of Experimental Medicine
https://www.natureindex.com/article/10.1523/jneurosci.0605-20.2020,Journal of Neuroscience
https://www.natureindex.com/article/10.1523/jneurosci.0801-20.2020,Journal of Neuroscience
https://www.natureindex.com/article/10.1523/jneurosci.0259-20.2020,Journal of Neuroscience
https://www.natureindex.com/article/10.1523/jneurosci.2339-19.2020,Journal of Neuroscience
https://www.natureindex.com/article/10.1523/jneurosci.2531-19.2020,Journal of Neuroscience
https://www.natureindex.com/article/10.1038/s41380-020-00899-w,Molecular Psychiatry
https://www.natureindex.com/article/10.1038/s41380-020-00862-9,Molecular Psychiatry
https://www.natureindex.com/article/10.1038/s41380-020-0829-y,Molecular Psychiatry
https://www.natureindex.com/article/10.1038/s41380-020-0754-0,Molecular Psychiatry
https://www.natureindex.com/article/10.1038/s41380-020-0719-3,Molecular Psychiatry
https://www.natureindex.com/article/10.1038/s41380-020-0717-5,Molecular Psychiatry
https://www.natureindex.com/article/10.1038/s41380-020-0669-9,Molecular Psychiatry
https://www.natureindex.com/article/10.1038/s41380-020-0673-0,Molecular Psychiatry
https://www.natureindex.com/article/10.1038/s41380-020-0652-5,Molecular Psychiatry
https://www.natureindex.com/article/10.1038/s41586-020-2873-9,Nature
https://www.natureindex.com/article/10.1038/s41586-020-2844-1,Nature
https://www.natureindex.com/article/10.1038/s41586-020-2784-9,Nature
https://www.natureindex.com/article/10.1038/s41586-020-2819-2,Nature
https://www.natureindex.com/article/10.1038/s41586-020-2705-y,Nature
https://www.natureindex.com/article/10.1038/s41586-020-2549-5,Nature
https://www.natureindex.com/article/10.1038/s41586-020-2519-y,Nature
https://www.natureindex.com/article/10.1038/s41586-020-2509-0,Nature
https://www.natureindex.com/article/10.1038/s41586-020-2462-y,Nature
https://www.natureindex.com/article/10.1038/s41586-020-2338-1,Nature
https://www.natureindex.com/article/10.1038/s41586-020-2314-9,Nature
https://www.natureindex.com/article/10.1038/s41586-020-2162-7,Nature
https://www.natureindex.com/article/10.1038/s41586-020-2126-y,Nature
https://www.natureindex.com/article/10.1038/s41586-020-2071-9,Nature
https://www.natureindex.com/article/10.1038/s41586-020-1935-3,Nature
https://www.natureindex.com/article/10.1038/s41586-019-1878-8,Nature
https://www.natureindex.com/article/10.1038/s41586-019-1872-1,Nature
https://www.natureindex.com/article/10.1038/s41587-020-0718-6,Nature Biotechnology
https://www.natureindex.com/article/10.1038/s41556-020-0549-1,Nature Cell Biology
https://www.natureindex.com/article/10.1038/s41589-020-0554-5,Nature Chemical Biology
https://www.natureindex.com/article/10.1038/s41589-019-0460-x,Nature Chemical Biology
https://www.natureindex.com/article/10.1038/s41467-020-19870-y,Nature Communications
https://www.natureindex.com/article/10.1038/s41467-020-18996-3,Nature Communications
https://www.natureindex.com/article/10.1038/s41467-020-19232-8,Nature Communications
https://www.natureindex.com/article/10.1038/s41467-020-18961-0,Nature Communications
https://www.natureindex.com/article/10.1038/s41467-020-18849-z,Nature Communications
https://www.natureindex.com/article/10.1038/s41467-020-18691-3,Nature Communications
https://www.natureindex.com/article/10.1038/s41467-020-18699-9,Nature Communications
https://www.natureindex.com/article/10.1038/s41467-020-18367-y,Nature Communications
https://www.natureindex.com/article/10.1038/s41467-020-17964-1,Nature Communications
https://www.natureindex.com/article/10.1038/s41467-020-18295-x,Nature Communications
https://www.natureindex.com/article/10.1038/s41467-020-18305-y,Nature Communications
https://www.natureindex.com/article/10.1038/s41467-020-18338-3,Nature Communications
https://www.natureindex.com/article/10.1038/s41467-020-17966-z,Nature Communications
https://www.natureindex.com/article/10.1038/s41467-020-18034-2,Nature Communications
https://www.natureindex.com/article/10.1038/s41467-020-17881-3,Nature Communications
https://www.natureindex.com/article/10.1038/s41467-020-17847-5,Nature Communications
https://www.natureindex.com/article/10.1038/s41467-020-17751-y,Nature Communications
https://www.natureindex.com/article/10.1038/s41467-020-17289-z,Nature Communications
https://www.natureindex.com/article/10.1038/s41467-020-17117-4,Nature Communications
https://www.natureindex.com/article/10.1038/s41467-020-17331-0,Nature Communications
https://www.natureindex.com/article/10.1038/s41467-020-17164-x,Nature Communications
https://www.natureindex.com/article/10.1038/s41467-020-17148-x,Nature Communications
https://www.natureindex.com/article/10.1038/s41467-020-16572-3,Nature Communications
https://www.natureindex.com/article/10.1038/s41467-020-17036-4,Nature Communications
https://www.natureindex.com/article/10.1038/s41467-020-16952-9,Nature Communications
https://www.natureindex.com/article/10.1038/s41467-020-16765-w,Nature Communications
https://www.natureindex.com/article/10.1038/s41467-020-16179-8,Nature Communications
https://www.natureindex.com/article/10.1038/s41467-020-16333-2,Nature Communications
https://www.natureindex.com/article/10.1038/s41467-020-16337-y,Nature Communications
https://www.natureindex.com/article/10.1038/s41467-020-15706-x,Nature Communications
https://www.natureindex.com/article/10.1038/s41467-020-16253-1,Nature Communications
https://www.natureindex.com/article/10.1038/s41467-020-15929-y,Nature Communications
https://www.natureindex.com/article/10.1038/s41467-020-15861-1,Nature Communications
https://www.natureindex.com/article/10.1038/s41467-020-15963-w,Nature Communications
https://www.natureindex.com/article/10.1038/s41467-020-15432-4,Nature Communications
https://www.natureindex.com/article/10.1038/s41467-020-15055-9,Nature Communications
https://www.natureindex.com/article/10.1038/s41467-020-15165-4,Nature Communications
https://www.natureindex.com/article/10.1038/s41467-020-14954-1,Nature Communications
https://www.natureindex.com/article/10.1038/s41467-020-14953-2,Nature Communications
https://www.natureindex.com/article/10.1038/s41467-020-14575-8,Nature Communications
https://www.natureindex.com/article/10.1038/s41467-019-14050-z,Nature Communications
https://www.natureindex.com/article/10.1038/s41467-019-13803-0,Nature Communications
https://www.natureindex.com/article/10.1038/s41467-019-13806-x,Nature Communications
https://www.natureindex.com/article/10.1038/s41467-019-13636-x,Nature Communications
https://www.natureindex.com/article/10.1038/s41588-020-00738-2,Nature Genetics
https://www.natureindex.com/article/10.1038/s41588-020-00737-3,Nature Genetics
https://www.natureindex.com/article/10.1038/s41588-020-00726-6,Nature Genetics
https://www.natureindex.com/article/10.1038/s41588-020-0676-4,Nature Genetics
https://www.natureindex.com/article/10.1038/s41588-020-0590-9,Nature Genetics
https://www.natureindex.com/article/10.1038/s41590-020-0776-4,Nature Immunology
https://www.natureindex.com/article/10.1038/s41590-020-0643-3,Nature Immunology
https://www.natureindex.com/article/10.1038/s41591-020-1008-z,Nature Medicine
https://www.natureindex.com/article/10.1038/s41591-020-0992-3,Nature Medicine
https://www.natureindex.com/article/10.1038/s41591-020-0894-4,Nature Medicine
https://www.natureindex.com/article/10.1038/s41591-020-0841-4,Nature Medicine
https://www.natureindex.com/article/10.1038/s41591-020-0807-6,Nature Medicine
https://www.natureindex.com/article/10.1038/s41592-020-0933-6,Nature Methods
https://www.natureindex.com/article/10.1038/s41592-020-0916-7,Nature Methods
https://www.natureindex.com/article/10.1038/s41593-020-0664-0,Nature Neuroscience
https://www.natureindex.com/article/10.1038/s41593-020-0663-1,Nature Neuroscience
https://www.natureindex.com/article/10.1371/journal.pbio.3000935,PLOS Biology
https://www.natureindex.com/article/10.1371/journal.pbio.3000642,PLOS Biology
https://www.natureindex.com/article/10.1371/journal.pbio.3000630,PLOS Biology
https://www.natureindex.com/article/10.1371/journal.pbio.3000597,PLOS Biology
https://www.natureindex.com/article/10.1371/journal.pgen.1008946,PLOS Genetics
https://www.natureindex.com/article/10.1371/journal.pgen.1009036,PLOS Genetics
https://www.natureindex.com/article/10.1371/journal.pgen.1008996,PLOS Genetics
https://www.natureindex.com/article/10.1371/journal.pgen.1008828,PLOS Genetics
https://www.natureindex.com/article/10.1371/journal.pgen.1008255,PLOS Genetics
https://www.natureindex.com/article/10.1371/journal.pgen.1008576,PLOS Genetics
https://www.natureindex.com/article/10.1371/journal.pgen.1008551,PLOS Genetics
https://www.natureindex.com/article/10.1371/journal.pgen.1008482,PLOS Genetics
https://www.natureindex.com/article/10.1073/pnas.2005255117,Proceedings of the National Academy of Sciences of the United States of America
https://www.natureindex.com/article/10.1073/pnas.2007324117,Proceedings of the National Academy of Sciences of the United States of America
https://www.natureindex.com/article/10.1073/pnas.2012379117,Proceedings of the National Academy of Sciences of the United States of America
https://www.natureindex.com/article/10.1073/pnas.2006133117,Proceedings of the National Academy of Sciences of the United States of America
https://www.natureindex.com/article/10.1073/pnas.1920136117,Proceedings of the National Academy of Sciences of the United States of America
https://www.natureindex.com/article/10.1073/pnas.2011243117,Proceedings of the National Academy of Sciences of the United States of America
https://www.natureindex.com/article/10.1073/pnas.2009576117,Proceedings of the National Academy of Sciences of the United States of America
https://www.natureindex.com/article/10.1073/pnas.2006759117,Proceedings of the National Academy of Sciences of the United States of America
https://www.natureindex.com/article/10.1073/pnas.1918943117,Proceedings of the National Academy of Sciences of the United States of America
https://www.natureindex.com/article/10.1073/pnas.1920877117,Proceedings of the National Academy of Sciences of the United States of America
https://www.natureindex.com/article/10.1073/pnas.2007579117,Proceedings of the National Academy of Sciences of the United States of America
https://www.natureindex.com/article/10.1073/pnas.2006659117,Proceedings of the National Academy of Sciences of the United States of America
https://www.natureindex.com/article/10.1073/pnas.1922911117,Proceedings of the National Academy of Sciences of the United States of America
https://www.natureindex.com/article/10.1073/pnas.2006771117,Proceedings of the National Academy of Sciences of the United States of America
https://www.natureindex.com/article/10.1073/pnas.2003719117,Proceedings of the National Academy of Sciences of the United States of America
https://www.natureindex.com/article/10.1073/pnas.1910690117,Proceedings of the National Academy of Sciences of the United States of America
https://www.natureindex.com/article/10.1073/pnas.2002828117,Proceedings of the National Academy of Sciences of the United States of America
https://www.natureindex.com/article/10.1073/pnas.2001637117,Proceedings of the National Academy of Sciences of the United States of America
https://www.natureindex.com/article/10.1073/pnas.1919099117,Proceedings of the National Academy of Sciences of the United States of America
https://www.natureindex.com/article/10.1073/pnas.1920596117,Proceedings of the National Academy of Sciences of the United States of America
https://www.natureindex.com/article/10.1073/pnas.1919423117,Proceedings of the National Academy of Sciences of the United States of America
https://www.natureindex.com/article/10.1073/pnas.1910631117,Proceedings of the National Academy of Sciences of the United States of America
https://www.natureindex.com/article/10.1073/pnas.1910853117,Proceedings of the National Academy of Sciences of the United States of America
https://www.natureindex.com/article/10.1073/pnas.1911816117,Proceedings of the National Academy of Sciences of the United States of America
https://www.natureindex.com/article/10.1073/pnas.1915520117,Proceedings of the National Academy of Sciences of the United States of America
https://www.natureindex.com/article/10.1073/pnas.1909761117,Proceedings of the National Academy of Sciences of the United States of America
https://www.natureindex.com/article/10.1073/pnas.1912897117,Proceedings of the National Academy of Sciences of the United States of America
https://www.natureindex.com/article/10.1073/pnas.1909075117,Proceedings of the National Academy of Sciences of the United States of America
https://www.natureindex.com/article/10.1073/pnas.1902483116,Proceedings of the National Academy of Sciences of the United States of America
https://www.natureindex.com/article/10.1098/rspb.2019.2939,Proceedings of the Royal Society B
https://www.natureindex.com/article/10.1098/rspb.2020.1405,Proceedings of the Royal Society B
https://www.natureindex.com/article/10.1098/rspb.2020.0480,Proceedings of the Royal Society B
https://www.natureindex.com/article/10.1098/rspb.2020.0569,Proceedings of the Royal Society B
https://www.natureindex.com/article/10.1098/rspb.2019.2933,Proceedings of the Royal Society B
https://www.natureindex.com/article/10.1098/rspb.2019.2873,Proceedings of the Royal Society B
https://www.natureindex.com/article/10.1098/rspb.2019.2720,Proceedings of the Royal Society B
https://www.natureindex.com/article/10.1098/rspb.2019.2400,Proceedings of the Royal Society B
https://www.natureindex.com/article/10.1098/rspb.2019.2253,Proceedings of the Royal Society B
https://www.natureindex.com/article/10.1098/rspb.2019.2047,Proceedings of the Royal Society B
https://www.natureindex.com/article/10.1126/science.aay8085,Science
https://www.natureindex.com/article/10.1126/science.aba7580,Science
https://www.natureindex.com/article/10.1126/science.abb3021,Science
https://www.natureindex.com/article/10.1126/science.abd2161,Science
https://www.natureindex.com/article/10.1126/science.aba2225,Science
https://www.natureindex.com/article/10.1126/science.aaw7578,Science
https://www.natureindex.com/article/10.1126/science.aay6690,Science
https://www.natureindex.com/article/10.1126/science.aax9387,Science
https://www.natureindex.com/article/10.1126/sciadv.abc6457,Science Advances
https://www.natureindex.com/article/10.1126/sciadv.aaz8360,Science Advances
https://www.natureindex.com/article/10.1126/sciadv.abb0110,Science Advances
https://www.natureindex.com/article/10.1126/sciadv.aav8207,Science Advances
https://www.natureindex.com/article/10.1126/sciadv.abc1176,Science Advances
https://www.natureindex.com/article/10.1126/sciadv.aay1539,Science Advances
https://www.natureindex.com/article/10.1126/sciadv.aay7973,Science Advances
https://www.natureindex.com/article/10.1126/sciadv.aaz5466,Science Advances
https://www.natureindex.com/article/10.1126/sciadv.aax9070,Science Advances
https://www.natureindex.com/article/10.1126/sciadv.aba3231,Science Advances
https://www.natureindex.com/article/10.1126/sciadv.aaz5373,Science Advances
https://www.natureindex.com/article/10.1126/sciadv.aaz0421,Science Advances
https://www.natureindex.com/article/10.1126/sciadv.aaz5443,Science Advances
https://www.natureindex.com/article/10.1126/sciadv.aax6346,Science Advances
https://www.natureindex.com/article/10.1126/sciadv.aax4718,Science Advances
https://www.natureindex.com/article/10.1126/sciadv.aay4593,Science Advances
https://www.natureindex.com/article/10.1126/sciadv.aaw6284,Science Advances
https://www.natureindex.com/article/10.1126/sciadv.aaw1715,Science Advances
https://www.natureindex.com/article/10.1126/scitranslmed.aaz8664,Science Translational Medicine
https://www.natureindex.com/article/10.15252/embj.2020105364,The EMBO Journal
https://www.natureindex.com/article/10.1038/s41396-020-00804-x,The ISME Journal: Multidisciplinary Journal of Microbial Ecology
https://www.natureindex.com/article/10.1038/s41396-020-00758-0,The ISME Journal: Multidisciplinary Journal of Microbial Ecology
https://www.natureindex.com/article/10.1038/s41396-020-0723-2,The ISME Journal: Multidisciplinary Journal of Microbial Ecology
https://www.natureindex.com/article/10.1038/s41396-020-0608-4,The ISME Journal: Multidisciplinary Journal of Microbial Ecology
https://www.natureindex.com/article/10.1105/tpc.20.00241,The Plant Cell
https://www.natureindex.com/article/10.1105/tpc.20.00297,The Plant Cell
https://www.natureindex.com/article/10.1105/tpc.19.00609,The Plant Cell
https://www.natureindex.com/article/10.7554/elife.53278,eLife
https://www.natureindex.com/article/10.7554/elife.60312,eLife
https://www.natureindex.com/article/10.7554/elife.51927,eLife
https://www.natureindex.com/article/10.7554/elife.56793,eLife
https://www.natureindex.com/article/10.7554/elife.59499,eLife
https://www.natureindex.com/article/10.7554/elife.58030,eLife
https://www.natureindex.com/article/10.7554/elife.58855,eLife
https://www.natureindex.com/article/10.7554/elife.53672,eLife
https://www.natureindex.com/article/10.7554/elife.51207,eLife
https://www.natureindex.com/article/10.7554/elife.52572,eLife
https://www.natureindex.com/article/10.7554/elife.49114,eLife
https://www.natureindex.com/article/10.1002/adma.202000508,Advanced Materials
https://www.natureindex.com/article/10.1021/acs.analchem.0c03026,Analytical Chemistry
https://www.natureindex.com/article/10.1021/acs.analchem.0c02537,Analytical Chemistry
https://www.natureindex.com/article/10.1021/acs.analchem.0c02355,Analytical Chemistry
https://www.natureindex.com/article/10.1021/acs.analchem.0c02976,Analytical Chemistry
https://www.natureindex.com/article/10.1021/acs.analchem.0c00902,Analytical Chemistry
https://www.natureindex.com/article/10.1021/acs.analchem.0c00218,Analytical Chemistry
https://www.natureindex.com/article/10.1021/acs.analchem.0c01017,Analytical Chemistry
https://www.natureindex.com/article/10.1021/acs.analchem.9b05713,Analytical Chemistry
https://www.natureindex.com/article/10.1021/acs.analchem.9b03856,Analytical Chemistry
https://www.natureindex.com/article/10.1021/acs.analchem.9b04924,Analytical Chemistry
https://www.natureindex.com/article/10.1002/anie.202009634,Angewandte Chemie International Edition
https://www.natureindex.com/article/10.1002/anie.202005563,Angewandte Chemie International Edition
https://www.natureindex.com/article/10.1002/anie.202002641,Angewandte Chemie International Edition
https://www.natureindex.com/article/10.1002/anie.201915103,Angewandte Chemie International Edition
https://www.natureindex.com/article/10.1039/d0cc03862h,Chemical Communications
https://www.natureindex.com/article/10.1039/d0cc03356a,Chemical Communications
https://www.natureindex.com/article/10.1039/d0cc02499f,Chemical Communications
https://www.natureindex.com/article/10.1039/d0cc01661f,Chemical Communications
https://www.natureindex.com/article/10.1039/d0cc02959a,Chemical Communications
https://www.natureindex.com/article/10.1039/d0cc02164d,Chemical Communications
https://www.natureindex.com/article/10.1039/c9cc09279j,Chemical Communications
https://www.natureindex.com/article/10.1039/c9cc09533k,Chemical Communications
https://www.natureindex.com/article/10.1039/c9cc07257h,Chemical Communications
https://www.natureindex.com/article/10.1039/c9cc08348k,Chemical Communications
https://www.natureindex.com/article/10.1039/d0sc05118g,Chemical Science
https://www.natureindex.com/article/10.1039/d0sc01700k,Chemical Science
https://www.natureindex.com/article/10.1039/d0sc02594a,Chemical Science
https://www.natureindex.com/article/10.1021/acs.inorgchem.0c01835,Inorganic Chemistry
https://www.natureindex.com/article/10.1021/acs.inorgchem.0c00638,Inorganic Chemistry
https://www.natureindex.com/article/10.1021/acs.inorgchem.0c01628,Inorganic Chemistry
https://www.natureindex.com/article/10.1021/acs.inorgchem.0c01086,Inorganic Chemistry
https://www.natureindex.com/article/10.1021/acs.inorgchem.0c00943,Inorganic Chemistry
https://www.natureindex.com/article/10.1021/acs.inorgchem.0c00181,Inorganic Chemistry
https://www.natureindex.com/article/10.1021/acs.inorgchem.0c00664,Inorganic Chemistry
https://www.natureindex.com/article/10.1021/acs.inorgchem.0c00019,Inorganic Chemistry
https://www.natureindex.com/article/10.1021/acs.inorgchem.0c00023,Inorganic Chemistry
https://www.natureindex.com/article/10.1021/acs.inorgchem.0c00319,Inorganic Chemistry
https://www.natureindex.com/article/10.1021/acs.inorgchem.9b02268,Inorganic Chemistry
https://www.natureindex.com/article/10.1021/jacs.0c07750,Journal of the American Chemical Society
https://www.natureindex.com/article/10.1021/jacs.0c04477,Journal of the American Chemical Society
https://www.natureindex.com/article/10.1021/jacs.0c01622,Journal of the American Chemical Society
https://www.natureindex.com/article/10.1021/jacs.9b11433,Journal of the American Chemical Society
https://www.natureindex.com/article/10.1021/jacs.9b10961,Journal of the American Chemical Society
https://www.natureindex.com/article/10.1021/acs.macromol.0c01709,Macromolecules
https://www.natureindex.com/article/10.1021/acs.macromol.0c00110,Macromolecules
https://www.natureindex.com/article/10.1021/acs.macromol.0c00051,Macromolecules
https://www.natureindex.com/article/10.1021/acs.macromol.9b01912,Macromolecules
https://www.natureindex.com/article/10.1021/acs.macromol.9b01746,Macromolecules
https://www.natureindex.com/article/10.1021/acs.nanolett.0c03453,Nano Letters
https://www.natureindex.com/article/10.1021/acs.nanolett.0c00502,Nano Letters
https://www.natureindex.com/article/10.1021/acs.nanolett.0c02163,Nano Letters
https://www.natureindex.com/article/10.1021/acs.nanolett.0c01270,Nano Letters
https://www.natureindex.com/article/10.1021/acs.nanolett.0c01271,Nano Letters
https://www.natureindex.com/article/10.1021/acs.nanolett.0c00492,Nano Letters
https://www.natureindex.com/article/10.1021/acs.nanolett.0c01111,Nano Letters
https://www.natureindex.com/article/10.1021/acs.nanolett.9b04579,Nano Letters
https://www.natureindex.com/article/10.1021/acs.nanolett.9b04355,Nano Letters
https://www.natureindex.com/article/10.1021/acs.nanolett.9b04205,Nano Letters
https://www.natureindex.com/article/10.1021/acs.nanolett.9b03977,Nano Letters
https://www.natureindex.com/article/10.1021/acs.nanolett.9b03795,Nano Letters
https://www.natureindex.com/article/10.1021/acs.nanolett.9b04085,Nano Letters
https://www.natureindex.com/article/10.1038/s41586-020-2508-1,Nature
https://www.natureindex.com/article/10.1038/s41586-020-2006-5,Nature
https://www.natureindex.com/article/10.1038/s41589-020-0554-5,Nature Chemical Biology
https://www.natureindex.com/article/10.1038/s41589-019-0460-x,Nature Chemical Biology
https://www.natureindex.com/article/10.1038/s41467-020-18622-2,Nature Communications
https://www.natureindex.com/article/10.1038/s41467-020-17966-z,Nature Communications
https://www.natureindex.com/article/10.1038/s41467-020-18093-5,Nature Communications
https://www.natureindex.com/article/10.1038/s41467-020-16717-4,Nature Communications
https://www.natureindex.com/article/10.1038/s41467-020-16333-2,Nature Communications
https://www.natureindex.com/article/10.1038/s41467-020-15929-y,Nature Communications
https://www.natureindex.com/article/10.1038/s41467-019-14210-1,Nature Communications
https://www.natureindex.com/article/10.1038/s41563-020-0619-6,Nature Materials
https://www.natureindex.com/article/10.1021/acs.orglett.0c03187,Organic Letters
https://www.natureindex.com/article/10.1021/acs.orglett.0c02821,Organic Letters
https://www.natureindex.com/article/10.1021/acs.orglett.0c01943,Organic Letters
https://www.natureindex.com/article/10.1021/acs.orglett.0c01297,Organic Letters
https://www.natureindex.com/article/10.1021/acs.orglett.0c00761,Organic Letters
https://www.natureindex.com/article/10.1021/acs.orglett.0c00540,Organic Letters
https://www.natureindex.com/article/10.1021/acs.orglett.9b04525,Organic Letters
https://www.natureindex.com/article/10.1021/acs.orglett.9b04099,Organic Letters
https://www.natureindex.com/article/10.1021/acs.orglett.9b04266,Organic Letters
https://www.natureindex.com/article/10.1021/acs.orglett.9b04199,Organic Letters
https://www.natureindex.com/article/10.1073/pnas.1912897117,Proceedings of the National Academy of Sciences of the United States of America
https://www.natureindex.com/article/10.1126/science.aaz7949,Science
https://www.natureindex.com/article/10.1126/sciadv.aaz7328,Science Advances
https://www.natureindex.com/article/10.1126/sciadv.aay3514,Science Advances
https://www.natureindex.com/article/10.1126/sciadv.aaz0421,Science Advances
https://www.natureindex.com/article/10.1021/acs.jpclett.0c03020,The Journal of Physical Chemistry Letters
https://www.natureindex.com/article/10.1021/acs.jpclett.0c03030,The Journal of Physical Chemistry Letters
https://www.natureindex.com/article/10.1021/acs.jpclett.0c02590,The Journal of Physical Chemistry Letters
https://www.natureindex.com/article/10.1021/acs.jpclett.0c02052,The Journal of Physical Chemistry Letters
https://www.natureindex.com/article/10.1021/acs.jpclett.0c01489,The Journal of Physical Chemistry Letters
https://www.natureindex.com/article/10.1021/acs.jpclett.0c00651,The Journal of Physical Chemistry Letters
https://www.natureindex.com/article/10.1021/acs.jpclett.0c00266,The Journal of Physical Chemistry Letters
https://www.natureindex.com/article/10.1021/acs.jpclett.0c00171,The Journal of Physical Chemistry Letters
https://www.natureindex.com/article/10.1021/acs.jpclett.9b03703,The Journal of Physical Chemistry Letters
https://www.natureindex.com/article/10.1021/acs.jpclett.9b02146,The Journal of Physical Chemistry Letters
https://www.natureindex.com/article/10.1021/acs.jpclett.9b03282,The Journal of Physical Chemistry Letters
https://www.natureindex.com/article/10.1021/acsnano.0c06807,ACS Nano
https://www.natureindex.com/article/10.1021/acsnano.0c03081,ACS Nano
https://www.natureindex.com/article/10.1002/adfm.202007473,Advanced Functional Materials
https://www.natureindex.com/article/10.1002/adfm.202002730,Advanced Functional Materials
https://www.natureindex.com/article/10.1002/adfm.202002622,Advanced Functional Materials
https://www.natureindex.com/article/10.1002/adfm.201909375,Advanced Functional Materials
https://www.natureindex.com/article/10.1002/adfm.201907436,Advanced Functional Materials
https://www.natureindex.com/article/10.1002/adma.202000508,Advanced Materials
https://www.natureindex.com/article/10.1063/5.0028663,Applied Physics Letters
https://www.natureindex.com/article/10.1063/5.0023624,Applied Physics Letters
https://www.natureindex.com/article/10.1063/5.0025607,Applied Physics Letters
https://www.natureindex.com/article/10.1063/5.0024619,Applied Physics Letters
https://www.natureindex.com/article/10.1063/5.0024719,Applied Physics Letters
https://www.natureindex.com/article/10.1063/5.0023242,Applied Physics Letters
https://www.natureindex.com/article/10.1063/5.0019081,Applied Physics Letters
https://www.natureindex.com/article/10.1063/5.0011127,Applied Physics Letters
https://www.natureindex.com/article/10.1063/5.0009555,Applied Physics Letters
https://www.natureindex.com/article/10.1063/5.0012490,Applied Physics Letters
https://www.natureindex.com/article/10.1063/5.0008100,Applied Physics Letters
https://www.natureindex.com/article/10.1063/5.0010140,Applied Physics Letters
https://www.natureindex.com/article/10.1063/1.5143311,Applied Physics Letters
https://www.natureindex.com/article/10.1063/1.5140247,Applied Physics Letters
https://www.natureindex.com/article/10.1063/1.5134834,Applied Physics Letters
https://www.natureindex.com/article/10.1063/1.5138598,Applied Physics Letters
https://www.natureindex.com/article/10.1063/1.5131259,Applied Physics Letters
https://www.natureindex.com/article/10.1140/epjc/s10052-020-08601-8,European Physical Journal C
https://www.natureindex.com/article/10.1140/epjc/s10052-020-08608-1,European Physical Journal C
https://www.natureindex.com/article/10.1140/epjc/s10052-020-08591-7,European Physical Journal C
https://www.natureindex.com/article/10.1140/epjc/s10052-020-08586-4,European Physical Journal C
https://www.natureindex.com/article/10.1140/epjc/s10052-020-08572-w,European Physical Journal C
https://www.natureindex.com/article/10.1140/epjc/s10052-020-08592-6,European Physical Journal C
https://www.natureindex.com/article/10.1140/epjc/s10052-020-08570-y,European Physical Journal C
https://www.natureindex.com/article/10.1140/epjc/s10052-020-8118-0,European Physical Journal C
https://www.natureindex.com/article/10.1140/epjc/s10052-020-08573-9,European Physical Journal C
https://www.natureindex.com/article/10.1140/epjc/s10052-020-08517-3,European Physical Journal C
https://www.natureindex.com/article/10.1140/epjc/s10052-020-08445-2,European Physical Journal C
https://www.natureindex.com/article/10.1140/epjc/s10052-020-08505-7,European Physical Journal C
https://www.natureindex.com/article/10.1140/epjc/s10052-020-08522-6,European Physical Journal C
https://www.natureindex.com/article/10.1140/epjc/s10052-020-08456-z,European Physical Journal C
https://www.natureindex.com/article/10.1140/epjc/s10052-020-8223-0,European Physical Journal C
https://www.natureindex.com/article/10.1140/epjc/s10052-020-08539-x,European Physical Journal C
https://www.natureindex.com/article/10.1140/epjc/s10052-020-08480-z,European Physical Journal C
https://www.natureindex.com/article/10.1140/epjc/s10052-020-8365-0,European Physical Journal C
https://www.natureindex.com/article/10.1140/epjc/s10052-020-8256-4,European Physical Journal C
https://www.natureindex.com/article/10.1140/epjc/s10052-020-08441-6,European Physical Journal C
https://www.natureindex.com/article/10.1140/epjc/s10052-020-8393-9,European Physical Journal C
https://www.natureindex.com/article/10.1140/epjc/s10052-020-8415-7,European Physical Journal C
https://www.natureindex.com/article/10.1140/epjc/s10052-020-8414-8,European Physical Journal C
https://www.natureindex.com/article/10.1140/epjc/s10052-020-08453-2,European Physical Journal C
https://www.natureindex.com/article/10.1140/epjc/s10052-020-08431-8,European Physical Journal C
https://www.natureindex.com/article/10.1140/epjc/s10052-020-8226-x,European Physical Journal C
https://www.natureindex.com/article/10.1140/epjc/s10052-020-8337-4,European Physical Journal C
https://www.natureindex.com/article/10.1140/epjc/s10052-020-8405-9,European Physical Journal C
https://www.natureindex.com/article/10.1140/epjc/s10052-020-8290-2,European Physical Journal C
https://www.natureindex.com/article/10.1140/epjc/s10052-020-8314-y,European Physical Journal C
https://www.natureindex.com/article/10.1140/epjc/s10052-020-8321-z,European Physical Journal C
https://www.natureindex.com/article/10.1140/epjc/s10052-020-8354-3,European Physical Journal C
https://www.natureindex.com/article/10.1140/epjc/s10052-020-8055-y,European Physical Journal C
https://www.natureindex.com/article/10.1140/epjc/s10052-020-8355-2,European Physical Journal C
https://www.natureindex.com/article/10.1140/epjc/s10052-020-8301-3,European Physical Journal C
https://www.natureindex.com/article/10.1140/epjc/s10052-020-8313-z,European Physical Journal C
https://www.natureindex.com/article/10.1140/epjc/s10052-020-8181-6,European Physical Journal C
https://www.natureindex.com/article/10.1140/epjc/s10052-020-8125-1,European Physical Journal C
https://www.natureindex.com/article/10.1140/epjc/s10052-020-8102-8,European Physical Journal C
https://www.natureindex.com/article/10.1140/epjc/s10052-020-8050-3,European Physical Journal C
https://www.natureindex.com/article/10.1140/epjc/s10052-020-8168-3,European Physical Journal C
https://www.natureindex.com/article/10.1140/epjc/s10052-020-8166-5,European Physical Journal C
https://www.natureindex.com/article/10.1140/epjc/s10052-020-8366-z,European Physical Journal C
https://www.natureindex.com/article/10.1140/epjc/s10052-020-8273-3,European Physical Journal C
https://www.natureindex.com/article/10.1140/epjc/s10052-020-8262-6,European Physical Journal C
https://www.natureindex.com/article/10.1140/epjc/s10052-020-8224-z,European Physical Journal C
https://www.natureindex.com/article/10.1140/epjc/s10052-020-8001-z,European Physical Journal C
https://www.natureindex.com/article/10.1140/epjc/s10052-020-8233-y,European Physical Journal C
https://www.natureindex.com/article/10.1140/epjc/s10052-020-8242-x,European Physical Journal C
https://www.natureindex.com/article/10.1140/epjc/s10052-020-8100-x,European Physical Journal C
https://www.natureindex.com/article/10.1140/epjc/s10052-020-8043-2,European Physical Journal C
https://www.natureindex.com/article/10.1140/epjc/s10052-020-8162-9,European Physical Journal C
https://www.natureindex.com/article/10.1140/epjc/s10052-020-8116-2,European Physical Journal C
https://www.natureindex.com/article/10.1140/epjc/s10052-020-8123-3,European Physical Journal C
https://www.natureindex.com/article/10.1140/epjc/s10052-020-7907-9,European Physical Journal C
https://www.natureindex.com/article/10.1140/epjc/s10052-020-7834-9,European Physical Journal C
https://www.natureindex.com/article/10.1140/epjc/s10052-020-8120-6,European Physical Journal C
https://www.natureindex.com/article/10.1140/epjc/s10052-020-8095-3,European Physical Journal C
https://www.natureindex.com/article/10.1140/epjc/s10052-020-7974-y,European Physical Journal C
https://www.natureindex.com/article/10.1140/epjc/s10052-020-7975-x,European Physical Journal C
https://www.natureindex.com/article/10.1140/epjc/s10052-020-8041-4,European Physical Journal C
https://www.natureindex.com/article/10.1140/epjc/s10052-020-8024-5,European Physical Journal C
https://www.natureindex.com/article/10.1140/epjc/s10052-020-7919-5,European Physical Journal C
https://www.natureindex.com/article/10.1140/epjc/s10052-020-8006-7,European Physical Journal C
https://www.natureindex.com/article/10.1140/epjc/s10052-020-7957-z,European Physical Journal C
https://www.natureindex.com/article/10.1140/epjc/s10052-020-8049-9,European Physical Journal C
https://www.natureindex.com/article/10.1140/epjc/s10052-020-7958-y,European Physical Journal C
https://www.natureindex.com/article/10.1140/epjc/s10052-020-7858-1,European Physical Journal C
https://www.natureindex.com/article/10.1140/epjc/s10052-020-7856-3,European Physical Journal C
https://www.natureindex.com/article/10.1140/epjc/s10052-020-8000-0,European Physical Journal C
https://www.natureindex.com/article/10.1140/epjc/s10052-020-7980-0,European Physical Journal C
https://www.natureindex.com/article/10.1140/epjc/s10052-020-7909-7,European Physical Journal C
https://www.natureindex.com/article/10.1140/epjc/s10052-020-7997-4,European Physical Journal C
https://www.natureindex.com/article/10.1140/epjc/s10052-020-7978-7,European Physical Journal C
https://www.natureindex.com/article/10.1140/epjc/s10052-020-8020-9,European Physical Journal C
https://www.natureindex.com/article/10.1140/epjc/s10052-020-8037-0,European Physical Journal C
https://www.natureindex.com/article/10.1140/epjc/s10052-020-7913-y,European Physical Journal C
https://www.natureindex.com/article/10.1140/epjc/s10052-020-7902-1,European Physical Journal C
https://www.natureindex.com/article/10.1140/epjc/s10052-020-7901-2,European Physical Journal C
https://www.natureindex.com/article/10.1140/epjc/s10052-020-7896-8,European Physical Journal C
https://www.natureindex.com/article/10.1140/epjc/s10052-020-7876-z,European Physical Journal C
https://www.natureindex.com/article/10.1140/epjc/s10052-020-7853-6,European Physical Journal C
https://www.natureindex.com/article/10.1140/epjc/s10052-020-7865-2,European Physical Journal C
https://www.natureindex.com/article/10.1140/epjc/s10052-020-7848-3,European Physical Journal C
https://www.natureindex.com/article/10.1140/epjc/s10052-020-7830-0,European Physical Journal C
https://www.natureindex.com/article/10.1140/epjc/s10052-020-7805-1,European Physical Journal C
https://www.natureindex.com/article/10.1140/epjc/s10052-020-7787-z,European Physical Journal C
https://www.natureindex.com/article/10.1140/epjc/s10052-020-7773-5,European Physical Journal C
https://www.natureindex.com/article/10.1140/epjc/s10052-020-7775-3,European Physical Journal C
https://www.natureindex.com/article/10.1140/epjc/s10052-020-7801-5,European Physical Journal C
https://www.natureindex.com/article/10.1140/epjc/s10052-020-7772-6,European Physical Journal C
https://www.natureindex.com/article/10.1140/epjc/s10052-020-7774-4,European Physical Journal C
https://www.natureindex.com/article/10.1140/epjc/s10052-020-7733-0,European Physical Journal C
https://www.natureindex.com/article/10.1140/epjc/s10052-020-7739-7,European Physical Journal C
https://www.natureindex.com/article/10.1140/epjc/s10052-020-7638-y,European Physical Journal C
https://www.natureindex.com/article/10.1140/epjc/s10052-020-7743-y,European Physical Journal C
https://www.natureindex.com/article/10.1140/epjc/s10052-020-7673-8,European Physical Journal C
https://www.natureindex.com/article/10.1140/epjc/s10052-020-7741-0,European Physical Journal C
https://www.natureindex.com/article/10.1140/epjc/s10052-020-7687-2,European Physical Journal C
https://www.natureindex.com/article/10.1140/epjc/s10052-020-7709-0,European Physical Journal C
https://www.natureindex.com/article/10.1140/epjc/s10052-020-7689-0,European Physical Journal C
https://www.natureindex.com/article/10.1140/epjc/s10052-020-7681-8,European Physical Journal C
https://www.natureindex.com/article/10.1140/epjc/s10052-020-7693-4,European Physical Journal C
https://www.natureindex.com/article/10.1140/epjc/s10052-020-7678-3,European Physical Journal C
https://www.natureindex.com/article/10.1140/epjc/s10052-020-7646-y,European Physical Journal C
https://www.natureindex.com/article/10.1140/epjc/s10052-019-7594-6,European Physical Journal C
https://www.natureindex.com/article/10.1140/epjc/s10052-019-7593-7,European Physical Journal C
https://www.natureindex.com/article/10.1140/epjc/s10052-020-7606-6,European Physical Journal C
https://www.natureindex.com/article/10.1140/epjc/s10052-019-7585-7,European Physical Journal C
https://www.natureindex.com/article/10.1140/epjc/s10052-019-7573-y,European Physical Journal C
https://www.natureindex.com/article/10.1140/epjc/s10052-019-7541-6,European Physical Journal C
https://www.natureindex.com/article/10.1140/epjc/s10052-019-7552-3,European Physical Journal C
https://www.natureindex.com/article/10.1140/epjc/s10052-019-7499-4,European Physical Journal C
https://www.natureindex.com/article/10.1140/epjc/s10052-019-7493-x,European Physical Journal C
https://www.natureindex.com/article/10.1140/epjc/s10052-019-7500-2,European Physical Journal C
https://www.natureindex.com/article/10.1140/epjc/s10052-020-7624-4,European Physical Journal C
https://www.natureindex.com/article/10.1140/epjc/s10052-019-7545-2,European Physical Journal C
https://www.natureindex.com/article/10.1140/epjc/s10052-019-7558-x,European Physical Journal C
https://www.natureindex.com/article/10.1140/epjc/s10052-019-7525-6,European Physical Journal C
https://www.natureindex.com/article/10.1140/epjc/s10052-019-7543-4,European Physical Journal C
https://www.natureindex.com/article/10.1140/epjc/s10052-019-7512-y,European Physical Journal C
https://www.natureindex.com/article/10.1140/epjc/s10052-019-7511-z,European Physical Journal C
https://www.natureindex.com/article/10.1140/epjc/s10052-019-7508-7,European Physical Journal C
https://www.natureindex.com/article/10.1140/epjc/s10052-019-7447-3,European Physical Journal C
https://www.natureindex.com/article/10.1140/epjc/s10052-019-7519-4,European Physical Journal C
https://www.natureindex.com/article/10.1140/epjc/s10052-019-7518-5,European Physical Journal C
https://www.natureindex.com/article/10.1140/epjc/s10052-019-7489-6,European Physical Journal C
https://www.natureindex.com/article/10.1007/jhep11(2020)165,Journal of High Energy Physics
https://www.natureindex.com/article/10.1007/jhep11(2020)048,Journal of High Energy Physics
https://www.natureindex.com/article/10.1007/jhep11(2020)084,Journal of High Energy Physics
https://www.natureindex.com/article/10.1007/jhep11(2020)001,Journal of High Energy Physics
https://www.natureindex.com/article/10.1007/jhep11(2020)017,Journal of High Energy Physics
https://www.natureindex.com/article/10.1007/jhep11(2020)163,Journal of High Energy Physics
https://www.natureindex.com/article/10.1007/jhep11(2020)039,Journal of High Energy Physics
https://www.natureindex.com/article/10.1007/jhep11(2020)005,Journal of High Energy Physics
https://www.natureindex.com/article/10.1007/jhep11(2020)095,Journal of High Energy Physics
https://www.natureindex.com/article/10.1007/jhep10(2020)132,Journal of High Energy Physics
https://www.natureindex.com/article/10.1007/jhep10(2020)141,Journal of High Energy Physics
https://www.natureindex.com/article/10.1007/jhep10(2020)193,Journal of High Energy Physics
https://www.natureindex.com/article/10.1007/jhep10(2020)011,Journal of High Energy Physics
https://www.natureindex.com/article/10.1007/jhep10(2020)112,Journal of High Energy Physics
https://www.natureindex.com/article/10.1007/jhep10(2020)005,Journal of High Energy Physics
https://www.natureindex.com/article/10.1007/jhep10(2020)062,Journal of High Energy Physics
https://www.natureindex.com/article/10.1007/jhep10(2020)061,Journal of High Energy Physics
https://www.natureindex.com/article/10.1007/jhep10(2020)156,Journal of High Energy Physics
https://www.natureindex.com/article/10.1007/jhep09(2020)160,Journal of High Energy Physics
https://www.natureindex.com/article/10.1007/jhep09(2020)108,Journal of High Energy Physics
https://www.natureindex.com/article/10.1007/jhep09(2020)162,Journal of High Energy Physics
https://www.natureindex.com/article/10.1007/jhep09(2020)049,Journal of High Energy Physics
https://www.natureindex.com/article/10.1007/jhep09(2020)149,Journal of High Energy Physics
https://www.natureindex.com/article/10.1007/jhep09(2020)031,Journal of High Energy Physics
https://www.natureindex.com/article/10.1007/jhep09(2020)122,Journal of High Energy Physics
https://www.natureindex.com/article/10.1007/jhep09(2020)196,Journal of High Energy Physics
https://www.natureindex.com/article/10.1007/jhep09(2020)076,Journal of High Energy Physics
https://www.natureindex.com/article/10.1007/jhep08(2020)041,Journal of High Energy Physics
https://www.natureindex.com/article/10.1007/jhep08(2020)130,Journal of High Energy Physics
https://www.natureindex.com/article/10.1007/jhep08(2020)051,Journal of High Energy Physics
https://www.natureindex.com/article/10.1007/jhep08(2020)104,Journal of High Energy Physics
https://www.natureindex.com/article/10.1007/jhep08(2020)080,Journal of High Energy Physics
https://www.natureindex.com/article/10.1007/jhep08(2020)074,Journal of High Energy Physics
https://www.natureindex.com/article/10.1007/jhep08(2020)025,Journal of High Energy Physics
https://www.natureindex.com/article/10.1007/jhep08(2020)139,Journal of High Energy Physics
https://www.natureindex.com/article/10.1007/jhep08(2020)127,Journal of High Energy Physics
https://www.natureindex.com/article/10.1007/jhep08(2020)123,Journal of High Energy Physics
https://www.natureindex.com/article/10.1007/jhep07(2020)010,Journal of High Energy Physics
https://www.natureindex.com/article/10.1007/jhep07(2020)030,Journal of High Energy Physics
https://www.natureindex.com/article/10.1007/jhep07(2020)079,Journal of High Energy Physics
https://www.natureindex.com/article/10.1007/jhep07(2020)102,Journal of High Energy Physics
https://www.natureindex.com/article/10.1007/jhep07(2020)140,Journal of High Energy Physics
https://www.natureindex.com/article/10.1007/jhep07(2020)237,Journal of High Energy Physics
https://www.natureindex.com/article/10.1007/jhep07(2020)115,Journal of High Energy Physics
https://www.natureindex.com/article/10.1007/jhep07(2020)178,Journal of High Energy Physics
https://www.natureindex.com/article/10.1007/jhep07(2020)125,Journal of High Energy Physics
https://www.natureindex.com/article/10.1007/jhep07(2020)044,Journal of High Energy Physics
https://www.natureindex.com/article/10.1007/jhep07(2020)064,Journal of High Energy Physics
https://www.natureindex.com/article/10.1007/jhep07(2020)124,Journal of High Energy Physics
https://www.natureindex.com/article/10.1007/jhep07(2020)141,Journal of High Energy Physics
https://www.natureindex.com/article/10.1007/jhep07(2020)123,Journal of High Energy Physics
https://www.natureindex.com/article/10.1007/jhep07(2020)126,Journal of High Energy Physics
https://www.natureindex.com/article/10.1007/jhep07(2020)108,Journal of High Energy Physics
https://www.natureindex.com/article/10.1007/jhep07(2020)116,Journal of High Energy Physics
https://www.natureindex.com/article/10.1007/jhep06(2020)035,Journal of High Energy Physics
https://www.natureindex.com/article/10.1007/jhep06(2020)018,Journal of High Energy Physics
https://www.natureindex.com/article/10.1007/jhep06(2020)101,Journal of High Energy Physics
https://www.natureindex.com/article/10.1007/jhep06(2020)058,Journal of High Energy Physics
https://www.natureindex.com/article/10.1007/jhep06(2020)076,Journal of High Energy Physics
https://www.natureindex.com/article/10.1007/jhep06(2020)146,Journal of High Energy Physics
https://www.natureindex.com/article/10.1007/jhep06(2020)110,Journal of High Energy Physics
https://www.natureindex.com/article/10.1007/jhep06(2020)147,Journal of High Energy Physics
https://www.natureindex.com/article/10.1007/jhep06(2020)136,Journal of High Energy Physics
https://www.natureindex.com/article/10.1007/jhep06(2020)151,Journal of High Energy Physics
https://www.natureindex.com/article/10.1007/jhep06(2020)046,Journal of High Energy Physics
https://www.natureindex.com/article/10.1007/jhep06(2020)129,Journal of High Energy Physics
https://www.natureindex.com/article/10.1007/jhep06(2020)185,Journal of High Energy Physics
https://www.natureindex.com/article/10.1007/jhep05(2020)011,Journal of High Energy Physics
https://www.natureindex.com/article/10.1007/jhep05(2020)085,Journal of High Energy Physics
https://www.natureindex.com/article/10.1007/jhep05(2020)006,Journal of High Energy Physics
https://www.natureindex.com/article/10.1007/jhep05(2020)052,Journal of High Energy Physics
https://www.natureindex.com/article/10.1007/jhep05(2020)032,Journal of High Energy Physics
https://www.natureindex.com/article/10.1007/jhep05(2020)033,Journal of High Energy Physics
https://www.natureindex.com/article/10.1007/jhep05(2020)040,Journal of High Energy Physics
https://www.natureindex.com/article/10.1007/jhep05(2020)019,Journal of High Energy Physics
https://www.natureindex.com/article/10.1007/jhep04(2020)188,Journal of High Energy Physics
https://www.natureindex.com/article/10.1007/jhep04(2020)176,Journal of High Energy Physics
https://www.natureindex.com/article/10.1007/jhep04(2020)171,Journal of High Energy Physics
https://www.natureindex.com/article/10.1007/jhep04(2020)159,Journal of High Energy Physics
https://www.natureindex.com/article/10.1007/jhep04(2020)155,Journal of High Energy Physics
https://www.natureindex.com/article/10.1007/jhep04(2020)143,Journal of High Energy Physics
https://www.natureindex.com/article/10.1007/jhep04(2020)142,Journal of High Energy Physics
https://www.natureindex.com/article/10.1007/jhep04(2020)060,Journal of High Energy Physics
https://www.natureindex.com/article/10.1007/jhep04(2020)054,Journal of High Energy Physics
https://www.natureindex.com/article/10.1007/jhep04(2020)016,Journal of High Energy Physics
https://www.natureindex.com/article/10.1007/jhep04(2020)192,Journal of High Energy Physics
https://www.natureindex.com/article/10.1007/jhep03(2020)179,Journal of High Energy Physics
https://www.natureindex.com/article/10.1007/jhep03(2020)167,Journal of High Energy Physics
https://www.natureindex.com/article/10.1007/jhep03(2020)148,Journal of High Energy Physics
https://www.natureindex.com/article/10.1007/jhep03(2020)147,Journal of High Energy Physics
https://www.natureindex.com/article/10.1007/jhep03(2020)145,Journal of High Energy Physics
https://www.natureindex.com/article/10.1007/jhep03(2020)131,Journal of High Energy Physics
https://www.natureindex.com/article/10.1007/jhep03(2020)136,Journal of High Energy Physics
https://www.natureindex.com/article/10.1007/jhep03(2020)103,Journal of High Energy Physics
https://www.natureindex.com/article/10.1007/jhep03(2020)094,Journal of High Energy Physics
https://www.natureindex.com/article/10.1007/jhep03(2020)065,Journal of High Energy Physics
https://www.natureindex.com/article/10.1007/jhep03(2020)053,Journal of High Energy Physics
https://www.natureindex.com/article/10.1007/jhep03(2020)054,Journal of High Energy Physics
https://www.natureindex.com/article/10.1007/jhep03(2020)056,Journal of High Energy Physics
https://www.natureindex.com/article/10.1007/jhep03(2020)055,Journal of High Energy Physics
https://www.natureindex.com/article/10.1007/jhep03(2020)051,Journal of High Energy Physics
https://www.natureindex.com/article/10.1007/jhep03(2020)034,Journal of High Energy Physics
https://www.natureindex.com/article/10.1007/jhep03(2020)025,Journal of High Energy Physics
https://www.natureindex.com/article/10.1007/jhep03(2020)014,Journal of High Energy Physics
https://www.natureindex.com/article/10.1007/jhep03(2020)003,Journal of High Energy Physics
https://www.natureindex.com/article/10.1007/jhep03(2020)146,Journal of High Energy Physics
https://www.natureindex.com/article/10.1007/jhep02(2020)186,Journal of High Energy Physics
https://www.natureindex.com/article/10.1007/jhep02(2020)188,Journal of High Energy Physics
https://www.natureindex.com/article/10.1007/jhep02(2020)191,Journal of High Energy Physics
https://www.natureindex.com/article/10.1007/jhep02(2020)141,Journal of High Energy Physics
https://www.natureindex.com/article/10.1007/jhep02(2020)110,Journal of High Energy Physics
https://www.natureindex.com/article/10.1007/jhep02(2020)077,Journal of High Energy Physics
https://www.natureindex.com/article/10.1007/jhep02(2020)065,Journal of High Energy Physics
https://www.natureindex.com/article/10.1007/jhep02(2020)042,Journal of High Energy Physics
https://www.natureindex.com/article/10.1007/jhep02(2020)049,Journal of High Energy Physics
https://www.natureindex.com/article/10.1007/jhep02(2020)015,Journal of High Energy Physics
https://www.natureindex.com/article/10.1007/jhep02(2020)029,Journal of High Energy Physics
https://www.natureindex.com/article/10.1007/jhep02(2020)041,Journal of High Energy Physics
https://www.natureindex.com/article/10.1007/jhep01(2020)180,Journal of High Energy Physics
https://www.natureindex.com/article/10.1007/jhep01(2020)140,Journal of High Energy Physics
https://www.natureindex.com/article/10.1007/jhep01(2020)095,Journal of High Energy Physics
https://www.natureindex.com/article/10.1007/jhep01(2020)096,Journal of High Energy Physics
https://www.natureindex.com/article/10.1007/jhep01(2020)088,Journal of High Energy Physics
https://www.natureindex.com/article/10.1007/jhep01(2020)082,Journal of High Energy Physics
https://www.natureindex.com/article/10.1007/jhep01(2020)051,Journal of High Energy Physics
https://www.natureindex.com/article/10.1007/jhep01(2020)001,Journal of High Energy Physics
https://www.natureindex.com/article/10.1007/jhep01(2020)006,Journal of High Energy Physics
https://www.natureindex.com/article/10.1007/jhep01(2020)036,Journal of High Energy Physics
https://www.natureindex.com/article/10.1007/jhep01(2020)020,Journal of High Energy Physics
https://www.natureindex.com/article/10.1007/jhep12(2019)155,Journal of High Energy Physics
https://www.natureindex.com/article/10.1007/jhep12(2019)103,Journal of High Energy Physics
https://www.natureindex.com/article/10.1007/jhep12(2019)100,Journal of High Energy Physics
https://www.natureindex.com/article/10.1007/jhep12(2019)092,Journal of High Energy Physics
https://www.natureindex.com/article/10.1007/jhep12(2019)079,Journal of High Energy Physics
https://www.natureindex.com/article/10.1007/jhep12(2019)059,Journal of High Energy Physics
https://www.natureindex.com/article/10.1007/jhep12(2019)061,Journal of High Energy Physics
https://www.natureindex.com/article/10.1007/jhep12(2019)062,Journal of High Energy Physics
https://www.natureindex.com/article/10.1007/jhep12(2019)060,Journal of High Energy Physics
https://www.natureindex.com/article/10.1007/jhep11(2019)109,Journal of High Energy Physics
https://www.natureindex.com/article/10.1007/jhep12(2019)040,Journal of High Energy Physics
https://www.natureindex.com/article/10.1007/jhep12(2019)013,Journal of High Energy Physics
https://www.natureindex.com/article/10.1007/jhep12(2019)025,Journal of High Energy Physics
https://www.natureindex.com/article/10.1093/mnrasl/slaa106,Monthly Notices of the Royal Astronomical Society: Letters
https://www.natureindex.com/article/10.1093/mnrasl/slaa057,Monthly Notices of the Royal Astronomical Society: Letters
https://www.natureindex.com/article/10.1093/mnrasl/slaa028,Monthly Notices of the Royal Astronomical Society: Letters
https://www.natureindex.com/article/10.1093/mnrasl/slz181,Monthly Notices of the Royal Astronomical Society: Letters
https://www.natureindex.com/article/10.1021/acs.nanolett.0c03453,Nano Letters
https://www.natureindex.com/article/10.1021/acs.nanolett.0c00502,Nano Letters
https://www.natureindex.com/article/10.1021/acs.nanolett.0c02163,Nano Letters
https://www.natureindex.com/article/10.1021/acs.nanolett.0c01270,Nano Letters
https://www.natureindex.com/article/10.1021/acs.nanolett.0c01271,Nano Letters
https://www.natureindex.com/article/10.1021/acs.nanolett.0c00492,Nano Letters
https://www.natureindex.com/article/10.1021/acs.nanolett.0c01111,Nano Letters
https://www.natureindex.com/article/10.1021/acs.nanolett.9b04579,Nano Letters
https://www.natureindex.com/article/10.1021/acs.nanolett.9b04355,Nano Letters
https://www.natureindex.com/article/10.1021/acs.nanolett.9b04205,Nano Letters
https://www.natureindex.com/article/10.1021/acs.nanolett.9b03977,Nano Letters
https://www.natureindex.com/article/10.1021/acs.nanolett.9b03795,Nano Letters
https://www.natureindex.com/article/10.1021/acs.nanolett.9b04085,Nano Letters
https://www.natureindex.com/article/10.1038/s41586-020-2508-1,Nature
https://www.natureindex.com/article/10.1038/s41586-020-2006-5,Nature
https://www.natureindex.com/article/10.1038/s41467-020-19646-4,Nature Communications
https://www.natureindex.com/article/10.1038/s41467-020-19021-3,Nature Communications
https://www.natureindex.com/article/10.1038/s41467-020-18968-7,Nature Communications
https://www.natureindex.com/article/10.1038/s41467-020-18787-w,Nature Communications
https://www.natureindex.com/article/10.1038/s41467-020-18438-0,Nature Communications
https://www.natureindex.com/article/10.1038/s41467-020-17964-1,Nature Communications
https://www.natureindex.com/article/10.1038/s41467-020-17966-z,Nature Communications
https://www.natureindex.com/article/10.1038/s41467-020-18093-5,Nature Communications
https://www.natureindex.com/article/10.1038/s41467-020-17634-2,Nature Communications
https://www.natureindex.com/article/10.1038/s41467-020-17847-5,Nature Communications
https://www.natureindex.com/article/10.1038/s41467-020-16717-4,Nature Communications
https://www.natureindex.com/article/10.1038/s41467-020-16644-4,Nature Communications
https://www.natureindex.com/article/10.1038/s41467-020-16189-6,Nature Communications
https://www.natureindex.com/article/10.1038/s41467-020-15929-y,Nature Communications
https://www.natureindex.com/article/10.1038/s41467-020-15432-4,Nature Communications
https://www.natureindex.com/article/10.1038/s41467-020-14953-2,Nature Communications
https://www.natureindex.com/article/10.1038/s41467-020-14661-x,Nature Communications
https://www.natureindex.com/article/10.1038/s41467-020-14549-w,Nature Communications
https://www.natureindex.com/article/10.1038/s41467-019-13803-0,Nature Communications
https://www.natureindex.com/article/10.1038/s41563-020-0619-6,Nature Materials
https://www.natureindex.com/article/10.1038/s41567-020-0831-y,Nature Physics
https://www.natureindex.com/article/10.1038/s41567-020-0846-4,Nature Physics
https://www.natureindex.com/article/10.1038/s41567-020-0799-7,Nature Physics
https://www.natureindex.com/article/10.1103/physreva.102.050201,Physical Review A
https://www.natureindex.com/article/10.1103/physreva.102.040201,Physical Review A
https://www.natureindex.com/article/10.1103/physreva.101.043821,Physical Review A
https://www.natureindex.com/article/10.1103/physreva.101.023828,Physical Review A
https://www.natureindex.com/article/10.1103/physreva.101.013603,Physical Review A
https://www.natureindex.com/article/10.1103/physrevb.102.201110,Physical Review B
https://www.natureindex.com/article/10.1103/physrevb.102.184401,Physical Review B
https://www.natureindex.com/article/10.1103/physrevb.102.161120,Physical Review B
https://www.natureindex.com/article/10.1103/physrevb.102.121101,Physical Review B
https://www.natureindex.com/article/10.1103/physrevb.102.041107,Physical Review B
https://www.natureindex.com/article/10.1103/physrevb.101.241302,Physical Review B
https://www.natureindex.com/article/10.1103/physrevb.101.235408,Physical Review B
https://www.natureindex.com/article/10.1103/physrevb.101.161409,Physical Review B
https://www.natureindex.com/article/10.1103/physrevb.101.165401,Physical Review B
https://www.natureindex.com/article/10.1103/physrevb.101.081410,Physical Review B
https://www.natureindex.com/article/10.1103/physrevb.101.014449,Physical Review B
https://www.natureindex.com/article/10.1103/physrevb.101.041107,Physical Review B
https://www.natureindex.com/article/10.1103/physrevd.102.071101,Physical Review D
https://www.natureindex.com/article/10.1103/physrevd.102.051102,Physical Review D
https://www.natureindex.com/article/10.1103/physrevd.102.062005,Physical Review D
https://www.natureindex.com/article/10.1103/physrevd.102.051101,Physical Review D
https://www.natureindex.com/article/10.1103/physrevd.101.072004,Physical Review D
https://www.natureindex.com/article/10.1103/physrevd.101.081501,Physical Review D
https://www.natureindex.com/article/10.1103/physrevd.101.012006,Physical Review D
https://www.natureindex.com/article/10.1103/physrevd.101.021901,Physical Review D
https://www.natureindex.com/article/10.1103/physrevlett.125.225502,Physical Review Letters
https://www.natureindex.com/article/10.1103/physrevlett.125.227202,Physical Review Letters
https://www.natureindex.com/article/10.1103/physrevlett.125.212001,Physical Review Letters
https://www.natureindex.com/article/10.1103/physrevlett.125.217003,Physical Review Letters
https://www.natureindex.com/article/10.1103/physrevlett.125.202701,Physical Review Letters
https://www.natureindex.com/article/10.1103/physrevlett.125.193602,Physical Review Letters
https://www.natureindex.com/article/10.1103/physrevlett.125.222001,Physical Review Letters
https://www.natureindex.com/article/10.1103/physrevlett.125.221802,Physical Review Letters
https://www.natureindex.com/article/10.1103/physrevlett.125.147702,Physical Review Letters
https://www.natureindex.com/article/10.1103/physrevlett.125.152001,Physical Review Letters
https://www.natureindex.com/article/10.1103/physrevlett.125.131802,Physical Review Letters
https://www.natureindex.com/article/10.1103/physrevlett.125.123603,Physical Review Letters
https://www.natureindex.com/article/10.1103/physrevlett.125.121106,Physical Review Letters
https://www.natureindex.com/article/10.1103/physrevlett.125.110505,Physical Review Letters
https://www.natureindex.com/article/10.1103/physrevlett.125.117003,Physical Review Letters
https://www.natureindex.com/article/10.1103/physrevlett.125.131801,Physical Review Letters
https://www.natureindex.com/article/10.1103/physrevlett.125.104301,Physical Review Letters
https://www.natureindex.com/article/10.1103/physrevlett.125.101102,Physical Review Letters
https://www.natureindex.com/article/10.1103/physrevlett.125.102001,Physical Review Letters
https://www.natureindex.com/article/10.1103/physrevlett.125.105501,Physical Review Letters
https://www.natureindex.com/article/10.1103/physrevlett.125.087701,Physical Review Letters
https://www.natureindex.com/article/10.1103/physrevlett.125.083601,Physical Review Letters
https://www.natureindex.com/article/10.1103/physrevlett.125.080601,Physical Review Letters
https://www.natureindex.com/article/10.1103/physrevlett.125.073601,Physical Review Letters
https://www.natureindex.com/article/10.1103/physrevlett.125.071801,Physical Review Letters
https://www.natureindex.com/article/10.1103/physrevlett.125.061802,Physical Review Letters
https://www.natureindex.com/article/10.1103/physrevlett.125.061801,Physical Review Letters
https://www.natureindex.com/article/10.1103/physrevlett.125.033601,Physical Review Letters
https://www.natureindex.com/article/10.1103/physrevlett.125.027002,Physical Review Letters
https://www.natureindex.com/article/10.1103/physrevlett.125.020404,Physical Review Letters
https://www.natureindex.com/article/10.1103/physrevlett.125.021301,Physical Review Letters
https://www.natureindex.com/article/10.1103/physrevlett.125.022301,Physical Review Letters
https://www.natureindex.com/article/10.1103/physrevlett.125.011802,Physical Review Letters
https://www.natureindex.com/article/10.1103/physrevlett.125.050404,Physical Review Letters
https://www.natureindex.com/article/10.1103/physrevlett.125.051803,Physical Review Letters
https://www.natureindex.com/article/10.1103/physrevlett.125.011301,Physical Review Letters
https://www.natureindex.com/article/10.1103/physrevlett.125.051801,Physical Review Letters
https://www.natureindex.com/article/10.1103/physrevlett.125.012301,Physical Review Letters
https://www.natureindex.com/article/10.1103/physrevlett.124.250403,Physical Review Letters
https://www.natureindex.com/article/10.1103/physrevlett.124.240601,Physical Review Letters
https://www.natureindex.com/article/10.1103/physrevlett.124.230601,Physical Review Letters
https://www.natureindex.com/article/10.1103/physrevlett.124.222002,Physical Review Letters
https://www.natureindex.com/article/10.1103/physrevlett.124.222001,Physical Review Letters
https://www.natureindex.com/article/10.1103/physrevlett.124.211802,Physical Review Letters
https://www.natureindex.com/article/10.1103/physrevlett.124.210501,Physical Review Letters
https://www.natureindex.com/article/10.1103/physrevlett.124.202001,Physical Review Letters
https://www.natureindex.com/article/10.1103/physrevlett.124.208001,Physical Review Letters
https://www.natureindex.com/article/10.1103/physrevlett.124.198501,Physical Review Letters
https://www.natureindex.com/article/10.1103/physrevlett.124.172301,Physical Review Letters
https://www.natureindex.com/article/10.1103/physrevlett.124.171601,Physical Review Letters
https://www.natureindex.com/article/10.1103/physrevlett.124.176802,Physical Review Letters
https://www.natureindex.com/article/10.1103/physrevlett.124.162002,Physical Review Letters
https://www.natureindex.com/article/10.1103/physrevlett.124.152301,Physical Review Letters
https://www.natureindex.com/article/10.1103/physrevlett.124.131802,Physical Review Letters
https://www.natureindex.com/article/10.1103/physrevlett.124.133904,Physical Review Letters
https://www.natureindex.com/article/10.1103/physrevlett.124.120402,Physical Review Letters
https://www.natureindex.com/article/10.1103/physrevlett.124.122002,Physical Review Letters
https://www.natureindex.com/article/10.1103/physrevlett.124.121801,Physical Review Letters
https://www.natureindex.com/article/10.1103/physrevlett.124.110607,Physical Review Letters
https://www.natureindex.com/article/10.1103/physrevlett.124.111802,Physical Review Letters
https://www.natureindex.com/article/10.1103/physrevlett.124.101102,Physical Review Letters
https://www.natureindex.com/article/10.1103/physrevlett.124.093603,Physical Review Letters
https://www.natureindex.com/article/10.1103/physrevlett.124.092301,Physical Review Letters
https://www.natureindex.com/article/10.1103/physrevlett.124.090602,Physical Review Letters
https://www.natureindex.com/article/10.1103/physrevlett.124.082002,Physical Review Letters
https://www.natureindex.com/article/10.1103/physrevlett.124.067201,Physical Review Letters
https://www.natureindex.com/article/10.1103/physrevlett.124.065501,Physical Review Letters
https://www.natureindex.com/article/10.1103/physrevlett.124.082301,Physical Review Letters
https://www.natureindex.com/article/10.1103/physrevlett.124.041801,Physical Review Letters
https://www.natureindex.com/article/10.1103/physrevlett.124.041803,Physical Review Letters
https://www.natureindex.com/article/10.1103/physrevlett.124.033902,Physical Review Letters
https://www.natureindex.com/article/10.1103/physrevlett.124.031801,Physical Review Letters
https://www.natureindex.com/article/10.1103/physrevlett.124.021102,Physical Review Letters
https://www.natureindex.com/article/10.1103/physrevlett.124.010402,Physical Review Letters
https://www.natureindex.com/article/10.1103/physrevlett.124.031802,Physical Review Letters
https://www.natureindex.com/article/10.1103/physrevlett.123.241802,Physical Review Letters
https://www.natureindex.com/article/10.1103/physrevlett.123.241801,Physical Review Letters
https://www.natureindex.com/article/10.1103/physrevlett.123.240601,Physical Review Letters
https://www.natureindex.com/article/10.1103/physrevlett.123.231802,Physical Review Letters
https://www.natureindex.com/article/10.1103/physrevlett.123.232001,Physical Review Letters
https://www.natureindex.com/article/10.1103/physrevlett.123.231803,Physical Review Letters
https://www.natureindex.com/article/10.1103/physrevx.10.021047,Physical Review X
https://www.natureindex.com/article/10.1103/physrevx.10.011035,Physical Review X
https://www.natureindex.com/article/10.1073/pnas.2012246117,Proceedings of the National Academy of Sciences of the United States of America
https://www.natureindex.com/article/10.1073/pnas.2007324117,Proceedings of the National Academy of Sciences of the United States of America
https://www.natureindex.com/article/10.1073/pnas.2006759117,Proceedings of the National Academy of Sciences of the United States of America
https://www.natureindex.com/article/10.1073/pnas.1918943117,Proceedings of the National Academy of Sciences of the United States of America
https://www.natureindex.com/article/10.1073/pnas.1920877117,Proceedings of the National Academy of Sciences of the United States of America
https://www.natureindex.com/article/10.1073/pnas.1922151117,Proceedings of the National Academy of Sciences of the United States of America
https://www.natureindex.com/article/10.1126/science.abb1570,Science
https://www.natureindex.com/article/10.1126/science.aaz7949,Science
https://www.natureindex.com/article/10.1126/sciadv.abc8709,Science Advances
https://www.natureindex.com/article/10.1126/sciadv.aaz7328,Science Advances
https://www.natureindex.com/article/10.1126/sciadv.aay3314,Science Advances
https://www.natureindex.com/article/10.1126/sciadv.aay6502,Science Advances
https://www.natureindex.com/article/10.3847/2041-8213/abc550,The Astrophysical Journal Letters
https://www.natureindex.com/article/10.3847/2041-8213/abc562,The Astrophysical Journal Letters
https://www.natureindex.com/article/10.3847/2041-8213/abc01d,The Astrophysical Journal Letters
https://www.natureindex.com/article/10.3847/2041-8213/abb655,The Astrophysical Journal Letters
https://www.natureindex.com/article/10.3847/2041-8213/abb248,The Astrophysical Journal Letters
https://www.natureindex.com/article/10.3847/2041-8213/abaeff,The Astrophysical Journal Letters
https://www.natureindex.com/article/10.3847/2041-8213/aba493,The Astrophysical Journal Letters
https://www.natureindex.com/article/10.3847/2041-8213/aba618,The Astrophysical Journal Letters
https://www.natureindex.com/article/10.3847/2041-8213/ab960f,The Astrophysical Journal Letters
https://www.natureindex.com/article/10.3847/2041-8213/ab9538,The Astrophysical Journal Letters
https://www.natureindex.com/article/10.3847/2041-8213/ab8735,The Astrophysical Journal Letters
https://www.natureindex.com/article/10.3847/2041-8213/ab901b,The Astrophysical Journal Letters
https://www.natureindex.com/article/10.3847/2041-8213/ab88de,The Astrophysical Journal Letters
https://www.natureindex.com/article/10.3847/2041-8213/ab784a,The Astrophysical Journal Letters
https://www.natureindex.com/article/10.3847/2041-8213/ab7dba,The Astrophysical Journal Letters
https://www.natureindex.com/article/10.3847/2041-8213/ab75f5,The Astrophysical Journal Letters
https://www.natureindex.com/article/10.3847/2041-8213/ab7998,The Astrophysical Journal Letters
https://www.natureindex.com/article/10.3847/2041-8213/ab7348,The Astrophysical Journal Letters
https://www.natureindex.com/article/10.3847/2041-8213/ab71fd,The Astrophysical Journal Letters
https://www.natureindex.com/article/10.3847/2041-8213/ab6443,The Astrophysical Journal Letters
https://www.natureindex.com/article/10.3847/2041-8213/ab6d64,The Astrophysical Journal Letters
