https://www.natureindex.com/article/10.1016/j.epsl.2020.116473,Earth and Planetary Science Letters
https://www.natureindex.com/article/10.1016/j.epsl.2020.116356,Earth and Planetary Science Letters
https://www.natureindex.com/article/10.1016/j.epsl.2020.116363,Earth and Planetary Science Letters
https://www.natureindex.com/article/10.1016/j.epsl.2020.116242,Earth and Planetary Science Letters
https://www.natureindex.com/article/10.1016/j.epsl.2019.115939,Earth and Planetary Science Letters
https://www.natureindex.com/article/10.1111/ele.13506,Ecology Letters
https://www.natureindex.com/article/10.1111/ele.13495,Ecology Letters
https://www.natureindex.com/article/10.1111/ele.13464,Ecology Letters
https://www.natureindex.com/article/10.1021/acs.est.0c03285,Environmental Science and Technology
https://www.natureindex.com/article/10.1021/acs.est.0c04105,Environmental Science and Technology
https://www.natureindex.com/article/10.1021/acs.est.0c02500,Environmental Science and Technology
https://www.natureindex.com/article/10.1021/acs.est.0c02057,Environmental Science and Technology
https://www.natureindex.com/article/10.1021/acs.est.0c00150,Environmental Science and Technology
https://www.natureindex.com/article/10.1021/acs.est.9b06426,Environmental Science and Technology
https://www.natureindex.com/article/10.1016/j.gca.2020.10.010,Geochimica et Cosmochimica Acta
https://www.natureindex.com/article/10.1016/j.gca.2020.08.027,Geochimica et Cosmochimica Acta
https://www.natureindex.com/article/10.1016/j.gca.2020.08.010,Geochimica et Cosmochimica Acta
https://www.natureindex.com/article/10.1016/j.gca.2020.04.019,Geochimica et Cosmochimica Acta
https://www.natureindex.com/article/10.1016/j.gca.2020.04.008,Geochimica et Cosmochimica Acta
https://www.natureindex.com/article/10.1016/j.gca.2020.03.030,Geochimica et Cosmochimica Acta
https://www.natureindex.com/article/10.1130/g48017.1,Geology
https://www.natureindex.com/article/10.1130/g47082.1,Geology
https://www.natureindex.com/article/10.1130/g47070.1,Geology
https://www.natureindex.com/article/10.1130/g46707.1,Geology
https://www.natureindex.com/article/10.1130/g46306.1,Geology
https://www.natureindex.com/article/10.1130/g46740.1,Geology
https://www.natureindex.com/article/10.1029/2020gl089639,Geophysical Research Letters
https://www.natureindex.com/article/10.1029/2020gl088715,Geophysical Research Letters
https://www.natureindex.com/article/10.1029/2020gl087792,Geophysical Research Letters
https://www.natureindex.com/article/10.1029/2019gl086649,Geophysical Research Letters
https://www.natureindex.com/article/10.1029/2019gl085598,Geophysical Research Letters
https://www.natureindex.com/article/10.1029/2019gl086047,Geophysical Research Letters
https://www.natureindex.com/article/10.1029/2019gl084657,Geophysical Research Letters
https://www.natureindex.com/article/10.1029/2019jd032263,Journal of Geophysical Research: Atmospheres
https://www.natureindex.com/article/10.1029/2019jd032053,Journal of Geophysical Research: Atmospheres
https://www.natureindex.com/article/10.1029/2019jd031607,Journal of Geophysical Research: Atmospheres
https://www.natureindex.com/article/10.1029/2019jd031796,Journal of Geophysical Research: Atmospheres
https://www.natureindex.com/article/10.1038/s41586-020-2616-y,Nature
https://www.natureindex.com/article/10.1038/s41586-020-2561-9,Nature
https://www.natureindex.com/article/10.1038/s41586-020-2519-y,Nature
https://www.natureindex.com/article/10.1038/s41586-020-2506-3,Nature
https://www.natureindex.com/article/10.1038/s41586-020-2178-z,Nature
https://www.natureindex.com/article/10.1038/s41586-020-2189-9,Nature
https://www.natureindex.com/article/10.1038/s41586-020-2165-4,Nature
https://www.natureindex.com/article/10.1038/s41586-020-2126-y,Nature
https://www.natureindex.com/article/10.1038/s41586-020-2022-5,Nature
https://www.natureindex.com/article/10.1038/s41586-020-2007-4,Nature
https://www.natureindex.com/article/10.1038/s41586-019-1804-0,Nature
https://www.natureindex.com/article/10.1038/s41558-020-0773-5,Nature Climate Change
https://www.natureindex.com/article/10.1038/s41467-020-19021-3,Nature Communications
https://www.natureindex.com/article/10.1038/s41467-020-18317-8,Nature Communications
https://www.natureindex.com/article/10.1038/s41467-020-17442-8,Nature Communications
https://www.natureindex.com/article/10.1038/s41467-020-16723-6,Nature Communications
https://www.natureindex.com/article/10.1038/s41467-020-14624-2,Nature Communications
https://www.natureindex.com/article/10.1038/s41467-020-15243-7,Nature Communications
https://www.natureindex.com/article/10.1038/s41467-020-14839-3,Nature Communications
https://www.natureindex.com/article/10.1073/pnas.2011515117,Proceedings of the National Academy of Sciences of the United States of America
https://www.natureindex.com/article/10.1073/pnas.2004432117,Proceedings of the National Academy of Sciences of the United States of America
https://www.natureindex.com/article/10.1073/pnas.2001614117,Proceedings of the National Academy of Sciences of the United States of America
https://www.natureindex.com/article/10.1073/pnas.2007925117,Proceedings of the National Academy of Sciences of the United States of America
https://www.natureindex.com/article/10.1073/pnas.1915646117,Proceedings of the National Academy of Sciences of the United States of America
https://www.natureindex.com/article/10.1073/pnas.2005583117,Proceedings of the National Academy of Sciences of the United States of America
https://www.natureindex.com/article/10.1073/pnas.2002146117,Proceedings of the National Academy of Sciences of the United States of America
https://www.natureindex.com/article/10.1073/pnas.1921037117,Proceedings of the National Academy of Sciences of the United States of America
https://www.natureindex.com/article/10.1073/pnas.1912094117,Proceedings of the National Academy of Sciences of the United States of America
https://www.natureindex.com/article/10.1073/pnas.1908684117,Proceedings of the National Academy of Sciences of the United States of America
https://www.natureindex.com/article/10.1126/science.aaz8821,Science
https://www.natureindex.com/article/10.1126/science.aba9475,Science
https://www.natureindex.com/article/10.1126/science.abc7239,Science
https://www.natureindex.com/article/10.1126/science.aaw7293,Science
https://www.natureindex.com/article/10.1126/sciadv.abd2848,Science Advances
https://www.natureindex.com/article/10.1126/sciadv.abb6179,Science Advances
https://www.natureindex.com/article/10.1126/sciadv.aba7573,Science Advances
https://www.natureindex.com/article/10.1126/sciadv.aba3269,Science Advances
https://www.natureindex.com/article/10.1126/sciadv.aay8493,Science Advances
https://www.natureindex.com/article/10.1126/sciadv.aay5487,Science Advances
https://www.natureindex.com/article/10.1126/sciadv.aay2587,Science Advances
https://www.natureindex.com/article/10.1016/j.watres.2020.116714,Water Research
https://www.natureindex.com/article/10.1016/j.watres.2020.116621,Water Research
https://www.natureindex.com/article/10.1016/j.watres.2020.116608,Water Research
https://www.natureindex.com/article/10.1016/j.watres.2020.116350,Water Research
https://www.natureindex.com/article/10.1016/j.watres.2020.116175,Water Research
https://www.natureindex.com/article/10.1016/j.watres.2020.116155,Water Research
https://www.natureindex.com/article/10.1016/j.watres.2020.115960,Water Research
https://www.natureindex.com/article/10.1016/j.watres.2019.115391,Water Research
https://www.natureindex.com/article/10.1016/j.watres.2020.115616,Water Research
https://www.natureindex.com/article/10.1016/j.watres.2019.115244,Water Research
https://www.natureindex.com/article/10.1016/j.watres.2019.115281,Water Research
https://www.natureindex.com/article/10.1016/j.ajhg.2020.09.002,American Journal of Human Genetics
https://www.natureindex.com/article/10.1016/j.ajhg.2020.01.004,American Journal of Human Genetics
https://www.natureindex.com/article/10.1016/j.cell.2020.10.037,Cell
https://www.natureindex.com/article/10.1016/j.cell.2020.04.037,Cell
https://www.natureindex.com/article/10.1016/j.cell.2020.04.035,Cell
https://www.natureindex.com/article/10.1016/j.cell.2019.11.020,Cell
https://www.natureindex.com/article/10.1016/j.cub.2020.10.024,Current Biology
https://www.natureindex.com/article/10.1016/j.cub.2020.06.029,Current Biology
https://www.natureindex.com/article/10.1016/j.cub.2020.04.033,Current Biology
https://www.natureindex.com/article/10.1016/j.cub.2020.03.015,Current Biology
https://www.natureindex.com/article/10.1111/ele.13506,Ecology Letters
https://www.natureindex.com/article/10.1111/ele.13495,Ecology Letters
https://www.natureindex.com/article/10.1111/ele.13464,Ecology Letters
https://www.natureindex.com/article/10.1101/gr.254219.119,Genome Research
https://www.natureindex.com/article/10.1074/jbc.ac119.011795,Journal of Biological Chemistry
https://www.natureindex.com/article/10.1172/jci140461,Journal of Clinical Investigation
https://www.natureindex.com/article/10.1172/jci130546,Journal of Clinical Investigation
https://www.natureindex.com/article/10.1172/jci130711,Journal of Clinical Investigation
https://www.natureindex.com/article/10.1172/jci129301,Journal of Clinical Investigation
https://www.natureindex.com/article/10.1523/jneurosci.2339-19.2020,Journal of Neuroscience
https://www.natureindex.com/article/10.1038/s41380-020-0774-9,Molecular Psychiatry
https://www.natureindex.com/article/10.1038/s41380-020-0754-0,Molecular Psychiatry
https://www.natureindex.com/article/10.1038/s41380-019-0631-x,Molecular Psychiatry
https://www.natureindex.com/article/10.1038/s41380-019-0605-z,Molecular Psychiatry
https://www.natureindex.com/article/10.1038/s41586-020-2873-9,Nature
https://www.natureindex.com/article/10.1038/s41586-020-2859-7,Nature
https://www.natureindex.com/article/10.1038/s41586-020-2616-y,Nature
https://www.natureindex.com/article/10.1038/s41586-020-2561-9,Nature
https://www.natureindex.com/article/10.1038/s41586-020-2519-y,Nature
https://www.natureindex.com/article/10.1038/s41586-020-2506-3,Nature
https://www.natureindex.com/article/10.1038/s41586-020-2338-1,Nature
https://www.natureindex.com/article/10.1038/s41586-020-2178-z,Nature
https://www.natureindex.com/article/10.1038/s41586-020-2189-9,Nature
https://www.natureindex.com/article/10.1038/s41586-020-2165-4,Nature
https://www.natureindex.com/article/10.1038/s41586-020-2126-y,Nature
https://www.natureindex.com/article/10.1038/s41586-020-2022-5,Nature
https://www.natureindex.com/article/10.1038/s41586-020-2007-4,Nature
https://www.natureindex.com/article/10.1038/s41586-019-1878-8,Nature
https://www.natureindex.com/article/10.1038/s41586-019-1872-1,Nature
https://www.natureindex.com/article/10.1038/s41586-019-1852-5,Nature
https://www.natureindex.com/article/10.1038/s41586-019-1804-0,Nature
https://www.natureindex.com/article/10.1038/s41587-020-0718-6,Nature Biotechnology
https://www.natureindex.com/article/10.1038/s41587-020-0505-4,Nature Biotechnology
https://www.natureindex.com/article/10.1038/s41467-020-19959-4,Nature Communications
https://www.natureindex.com/article/10.1038/s41467-020-19615-x,Nature Communications
https://www.natureindex.com/article/10.1038/s41467-020-19647-3,Nature Communications
https://www.natureindex.com/article/10.1038/s41467-020-19595-y,Nature Communications
https://www.natureindex.com/article/10.1038/s41467-020-19382-9,Nature Communications
https://www.natureindex.com/article/10.1038/s41467-020-19204-y,Nature Communications
https://www.natureindex.com/article/10.1038/s41467-020-19147-4,Nature Communications
https://www.natureindex.com/article/10.1038/s41467-020-18771-4,Nature Communications
https://www.natureindex.com/article/10.1038/s41467-020-18894-8,Nature Communications
https://www.natureindex.com/article/10.1038/s41467-020-18709-w,Nature Communications
https://www.natureindex.com/article/10.1038/s41467-020-18367-y,Nature Communications
https://www.natureindex.com/article/10.1038/s41467-020-18174-5,Nature Communications
https://www.natureindex.com/article/10.1038/s41467-020-18317-8,Nature Communications
https://www.natureindex.com/article/10.1038/s41467-020-17751-y,Nature Communications
https://www.natureindex.com/article/10.1038/s41467-020-17688-2,Nature Communications
https://www.natureindex.com/article/10.1038/s41467-020-17427-7,Nature Communications
https://www.natureindex.com/article/10.1038/s41467-020-17406-y,Nature Communications
https://www.natureindex.com/article/10.1038/s41467-020-16937-8,Nature Communications
https://www.natureindex.com/article/10.1038/s41467-020-16921-2,Nature Communications
https://www.natureindex.com/article/10.1038/s41467-020-16765-w,Nature Communications
https://www.natureindex.com/article/10.1038/s41467-020-16603-z,Nature Communications
https://www.natureindex.com/article/10.1038/s41467-020-16121-y,Nature Communications
https://www.natureindex.com/article/10.1038/s41467-020-15440-4,Nature Communications
https://www.natureindex.com/article/10.1038/s41467-020-15632-y,Nature Communications
https://www.natureindex.com/article/10.1038/s41467-020-15493-5,Nature Communications
https://www.natureindex.com/article/10.1038/s41467-020-15243-7,Nature Communications
https://www.natureindex.com/article/10.1038/s41467-020-14839-3,Nature Communications
https://www.natureindex.com/article/10.1038/s41467-020-14830-y,Nature Communications
https://www.natureindex.com/article/10.1038/s41467-020-14593-6,Nature Communications
https://www.natureindex.com/article/10.1038/s41467-020-14655-9,Nature Communications
https://www.natureindex.com/article/10.1038/s41467-019-14132-y,Nature Communications
https://www.natureindex.com/article/10.1038/s41467-019-14209-8,Nature Communications
https://www.natureindex.com/article/10.1038/s41467-019-14009-0,Nature Communications
https://www.natureindex.com/article/10.1038/s41467-019-13473-y,Nature Communications
https://www.natureindex.com/article/10.1038/s41588-020-00737-3,Nature Genetics
https://www.natureindex.com/article/10.1038/s41588-020-0690-6,Nature Genetics
https://www.natureindex.com/article/10.1038/s41588-020-0609-2,Nature Genetics
https://www.natureindex.com/article/10.1038/s41588-019-0537-1,Nature Genetics
https://www.natureindex.com/article/10.1038/s41590-020-0721-6,Nature Immunology
https://www.natureindex.com/article/10.1038/s41591-020-1076-0,Nature Medicine
https://www.natureindex.com/article/10.1038/s41591-020-0940-2,Nature Medicine
https://www.natureindex.com/article/10.1038/s41591-020-0807-6,Nature Medicine
https://www.natureindex.com/article/10.1038/s41591-020-0799-2,Nature Medicine
https://www.natureindex.com/article/10.1371/journal.pbio.3000673,PLOS Biology
https://www.natureindex.com/article/10.1371/journal.pgen.1008769,PLOS Genetics
https://www.natureindex.com/article/10.1371/journal.pgen.1008757,PLOS Genetics
https://www.natureindex.com/article/10.1073/pnas.2011515117,Proceedings of the National Academy of Sciences of the United States of America
https://www.natureindex.com/article/10.1073/pnas.2003745117,Proceedings of the National Academy of Sciences of the United States of America
https://www.natureindex.com/article/10.1073/pnas.2005545117,Proceedings of the National Academy of Sciences of the United States of America
https://www.natureindex.com/article/10.1073/pnas.2006065117,Proceedings of the National Academy of Sciences of the United States of America
https://www.natureindex.com/article/10.1073/pnas.2004432117,Proceedings of the National Academy of Sciences of the United States of America
https://www.natureindex.com/article/10.1073/pnas.2001614117,Proceedings of the National Academy of Sciences of the United States of America
https://www.natureindex.com/article/10.1073/pnas.2003269117,Proceedings of the National Academy of Sciences of the United States of America
https://www.natureindex.com/article/10.1073/pnas.2007925117,Proceedings of the National Academy of Sciences of the United States of America
https://www.natureindex.com/article/10.1073/pnas.1915646117,Proceedings of the National Academy of Sciences of the United States of America
https://www.natureindex.com/article/10.1073/pnas.2006659117,Proceedings of the National Academy of Sciences of the United States of America
https://www.natureindex.com/article/10.1073/pnas.2005583117,Proceedings of the National Academy of Sciences of the United States of America
https://www.natureindex.com/article/10.1073/pnas.1922595117,Proceedings of the National Academy of Sciences of the United States of America
https://www.natureindex.com/article/10.1073/pnas.2001928117,Proceedings of the National Academy of Sciences of the United States of America
https://www.natureindex.com/article/10.1073/pnas.2002146117,Proceedings of the National Academy of Sciences of the United States of America
https://www.natureindex.com/article/10.1073/pnas.1914481117,Proceedings of the National Academy of Sciences of the United States of America
https://www.natureindex.com/article/10.1073/pnas.1921786117,Proceedings of the National Academy of Sciences of the United States of America
https://www.natureindex.com/article/10.1073/pnas.1921037117,Proceedings of the National Academy of Sciences of the United States of America
https://www.natureindex.com/article/10.1073/pnas.1919211117,Proceedings of the National Academy of Sciences of the United States of America
https://www.natureindex.com/article/10.1073/pnas.1910880117,Proceedings of the National Academy of Sciences of the United States of America
https://www.natureindex.com/article/10.1073/pnas.1908684117,Proceedings of the National Academy of Sciences of the United States of America
https://www.natureindex.com/article/10.1073/pnas.1903496117,Proceedings of the National Academy of Sciences of the United States of America
https://www.natureindex.com/article/10.1073/pnas.1909726116,Proceedings of the National Academy of Sciences of the United States of America
https://www.natureindex.com/article/10.1073/pnas.1904048116,Proceedings of the National Academy of Sciences of the United States of America
https://www.natureindex.com/article/10.1098/rspb.2020.1956,Proceedings of the Royal Society B
https://www.natureindex.com/article/10.1098/rspb.2020.1023,Proceedings of the Royal Society B
https://www.natureindex.com/article/10.1098/rspb.2020.1320,Proceedings of the Royal Society B
https://www.natureindex.com/article/10.1098/rspb.2020.1377,Proceedings of the Royal Society B
https://www.natureindex.com/article/10.1098/rspb.2020.1405,Proceedings of the Royal Society B
https://www.natureindex.com/article/10.1098/rspb.2020.1093,Proceedings of the Royal Society B
https://www.natureindex.com/article/10.1098/rspb.2020.1206,Proceedings of the Royal Society B
https://www.natureindex.com/article/10.1098/rspb.2020.1140,Proceedings of the Royal Society B
https://www.natureindex.com/article/10.1098/rspb.2020.0598,Proceedings of the Royal Society B
https://www.natureindex.com/article/10.1098/rspb.2020.0097,Proceedings of the Royal Society B
https://www.natureindex.com/article/10.1098/rspb.2020.0488,Proceedings of the Royal Society B
https://www.natureindex.com/article/10.1098/rspb.2020.0035,Proceedings of the Royal Society B
https://www.natureindex.com/article/10.1098/rspb.2019.2555,Proceedings of the Royal Society B
https://www.natureindex.com/article/10.1098/rspb.2019.1993,Proceedings of the Royal Society B
https://www.natureindex.com/article/10.1098/rspb.2019.2047,Proceedings of the Royal Society B
https://www.natureindex.com/article/10.1126/science.abd4250,Science
https://www.natureindex.com/article/10.1126/science.abb7080,Science
https://www.natureindex.com/article/10.1126/science.aba9475,Science
https://www.natureindex.com/article/10.1126/science.aaw7293,Science
https://www.natureindex.com/article/10.1126/science.aay6690,Science
https://www.natureindex.com/article/10.1126/science.aav5912,Science
https://www.natureindex.com/article/10.1126/science.aay8833,Science
https://www.natureindex.com/article/10.1126/science.aaz5926,Science
https://www.natureindex.com/article/10.1126/sciadv.abd2848,Science Advances
https://www.natureindex.com/article/10.1126/sciadv.aaz0870,Science Advances
https://www.natureindex.com/article/10.1126/sciadv.abc0133,Science Advances
https://www.natureindex.com/article/10.1126/sciadv.aaz0183,Science Advances
https://www.natureindex.com/article/10.1126/sciadv.aax9070,Science Advances
https://www.natureindex.com/article/10.1126/sciadv.aay5487,Science Advances
https://www.natureindex.com/article/10.1126/sciadv.aaz5216,Science Advances
https://www.natureindex.com/article/10.1126/sciadv.aay7919,Science Advances
https://www.natureindex.com/article/10.1126/sciadv.aay0456,Science Advances
https://www.natureindex.com/article/10.1126/scitranslmed.aba4487,Science Translational Medicine
https://www.natureindex.com/article/10.1126/scitranslmed.aay0233,Science Translational Medicine
https://www.natureindex.com/article/10.1038/s41396-020-0692-5,The ISME Journal: Multidisciplinary Journal of Microbial Ecology
https://www.natureindex.com/article/10.7554/elife.60083,eLife
https://www.natureindex.com/article/10.7554/elife.54721,eLife
https://www.natureindex.com/article/10.7554/elife.54558,eLife
https://www.natureindex.com/article/10.7554/elife.54012,eLife
https://www.natureindex.com/article/10.7554/elife.51760,eLife
https://www.natureindex.com/article/10.7554/elife.51261,eLife
https://www.natureindex.com/article/10.7554/elife.52668,eLife
https://www.natureindex.com/article/10.7554/elife.51971,eLife
https://www.natureindex.com/article/10.7554/elife.47895,eLife
https://www.natureindex.com/article/10.7554/elife.51984,eLife
https://www.natureindex.com/article/10.1002/adma.201908351,Advanced Materials
https://www.natureindex.com/article/10.1063/1.5142163,Applied Physics Letters
https://www.natureindex.com/article/10.1063/1.5139402,Applied Physics Letters
https://www.natureindex.com/article/10.1063/1.5126505,Applied Physics Letters
https://www.natureindex.com/article/10.1140/epjc/s10052-020-8118-0,European Physical Journal C
https://www.natureindex.com/article/10.1140/epjc/s10052-020-08508-4,European Physical Journal C
https://www.natureindex.com/article/10.1140/epjc/s10052-020-08538-y,European Physical Journal C
https://www.natureindex.com/article/10.1140/epjc/s10052-020-8223-0,European Physical Journal C
https://www.natureindex.com/article/10.1140/epjc/s10052-020-8256-4,European Physical Journal C
https://www.natureindex.com/article/10.1140/epjc/s10052-020-8423-7,European Physical Journal C
https://www.natureindex.com/article/10.1140/epjc/s10052-020-8351-6,European Physical Journal C
https://www.natureindex.com/article/10.1140/epjc/s10052-020-8277-z,European Physical Journal C
https://www.natureindex.com/article/10.1140/epjc/s10052-020-8181-6,European Physical Journal C
https://www.natureindex.com/article/10.1140/epjc/s10052-020-8125-1,European Physical Journal C
https://www.natureindex.com/article/10.1140/epjc/s10052-020-8102-8,European Physical Journal C
https://www.natureindex.com/article/10.1140/epjc/s10052-020-8050-3,European Physical Journal C
https://www.natureindex.com/article/10.1140/epjc/s10052-020-8332-9,European Physical Journal C
https://www.natureindex.com/article/10.1140/epjc/s10052-020-8342-7,European Physical Journal C
https://www.natureindex.com/article/10.1140/epjc/s10052-020-8287-x,European Physical Journal C
https://www.natureindex.com/article/10.1140/epjc/s10052-020-8231-0,European Physical Journal C
https://www.natureindex.com/article/10.1140/epjc/s10052-020-8001-z,European Physical Journal C
https://www.natureindex.com/article/10.1140/epjc/s10052-020-8163-8,European Physical Journal C
https://www.natureindex.com/article/10.1140/epjc/s10052-020-7907-9,European Physical Journal C
https://www.natureindex.com/article/10.1140/epjc/s10052-020-8068-6,European Physical Journal C
https://www.natureindex.com/article/10.1140/epjc/s10052-020-7924-8,European Physical Journal C
https://www.natureindex.com/article/10.1140/epjc/s10052-020-7961-3,European Physical Journal C
https://www.natureindex.com/article/10.1140/epjc/s10052-020-7997-4,European Physical Journal C
https://www.natureindex.com/article/10.1140/epjc/s10052-020-7832-y,European Physical Journal C
https://www.natureindex.com/article/10.1140/epjc/s10052-020-7802-4,European Physical Journal C
https://www.natureindex.com/article/10.1140/epjc/s10052-020-7777-1,European Physical Journal C
https://www.natureindex.com/article/10.1140/epjc/s10052-020-7730-3,European Physical Journal C
https://www.natureindex.com/article/10.1140/epjc/s10052-020-7673-8,European Physical Journal C
https://www.natureindex.com/article/10.1140/epjc/s10052-020-7687-2,European Physical Journal C
https://www.natureindex.com/article/10.1140/epjc/s10052-020-7629-z,European Physical Journal C
https://www.natureindex.com/article/10.1140/epjc/s10052-019-7594-6,European Physical Journal C
https://www.natureindex.com/article/10.1140/epjc/s10052-020-7606-6,European Physical Journal C
https://www.natureindex.com/article/10.1140/epjc/s10052-019-7600-z,European Physical Journal C
https://www.natureindex.com/article/10.1140/epjc/s10052-019-7562-1,European Physical Journal C
https://www.natureindex.com/article/10.1140/epjc/s10052-019-7500-2,European Physical Journal C
https://www.natureindex.com/article/10.1140/epjc/s10052-020-7624-4,European Physical Journal C
https://www.natureindex.com/article/10.1140/epjc/s10052-019-7571-0,European Physical Journal C
https://www.natureindex.com/article/10.1140/epjc/s10052-019-7553-2,European Physical Journal C
https://www.natureindex.com/article/10.1140/epjc/s10052-019-7525-6,European Physical Journal C
https://www.natureindex.com/article/10.1140/epjc/s10052-019-7512-y,European Physical Journal C
https://www.natureindex.com/article/10.1140/epjc/s10052-019-7489-6,European Physical Journal C
https://www.natureindex.com/article/10.1007/jhep11(2020)108,Journal of High Energy Physics
https://www.natureindex.com/article/10.1007/jhep11(2020)163,Journal of High Energy Physics
https://www.natureindex.com/article/10.1007/jhep11(2020)005,Journal of High Energy Physics
https://www.natureindex.com/article/10.1007/jhep10(2020)100,Journal of High Energy Physics
https://www.natureindex.com/article/10.1007/jhep10(2020)141,Journal of High Energy Physics
https://www.natureindex.com/article/10.1007/jhep10(2020)193,Journal of High Energy Physics
https://www.natureindex.com/article/10.1007/jhep10(2020)112,Journal of High Energy Physics
https://www.natureindex.com/article/10.1007/jhep10(2020)005,Journal of High Energy Physics
https://www.natureindex.com/article/10.1007/jhep10(2020)062,Journal of High Energy Physics
https://www.natureindex.com/article/10.1007/jhep10(2020)061,Journal of High Energy Physics
https://www.natureindex.com/article/10.1007/jhep09(2020)160,Journal of High Energy Physics
https://www.natureindex.com/article/10.1007/jhep09(2020)162,Journal of High Energy Physics
https://www.natureindex.com/article/10.1007/jhep09(2020)049,Journal of High Energy Physics
https://www.natureindex.com/article/10.1007/jhep09(2020)076,Journal of High Energy Physics
https://www.natureindex.com/article/10.1007/jhep08(2020)051,Journal of High Energy Physics
https://www.natureindex.com/article/10.1007/jhep08(2020)113,Journal of High Energy Physics
https://www.natureindex.com/article/10.1007/jhep08(2020)080,Journal of High Energy Physics
https://www.natureindex.com/article/10.1007/jhep07(2020)237,Journal of High Energy Physics
https://www.natureindex.com/article/10.1007/jhep07(2020)044,Journal of High Energy Physics
https://www.natureindex.com/article/10.1007/jhep07(2020)124,Journal of High Energy Physics
https://www.natureindex.com/article/10.1007/jhep07(2020)108,Journal of High Energy Physics
https://www.natureindex.com/article/10.1007/jhep06(2020)035,Journal of High Energy Physics
https://www.natureindex.com/article/10.1007/jhep06(2020)147,Journal of High Energy Physics
https://www.natureindex.com/article/10.1007/jhep06(2020)151,Journal of High Energy Physics
https://www.natureindex.com/article/10.1007/jhep06(2020)046,Journal of High Energy Physics
https://www.natureindex.com/article/10.1007/jhep05(2020)122,Journal of High Energy Physics
https://www.natureindex.com/article/10.1007/jhep05(2020)007,Journal of High Energy Physics
https://www.natureindex.com/article/10.1007/jhep05(2020)085,Journal of High Energy Physics
https://www.natureindex.com/article/10.1007/jhep05(2020)020,Journal of High Energy Physics
https://www.natureindex.com/article/10.1007/jhep04(2020)207,Journal of High Energy Physics
https://www.natureindex.com/article/10.1007/jhep04(2020)192,Journal of High Energy Physics
https://www.natureindex.com/article/10.1007/jhep03(2020)179,Journal of High Energy Physics
https://www.natureindex.com/article/10.1007/jhep03(2020)145,Journal of High Energy Physics
https://www.natureindex.com/article/10.1007/jhep03(2020)054,Journal of High Energy Physics
https://www.natureindex.com/article/10.1007/jhep02(2020)154,Journal of High Energy Physics
https://www.natureindex.com/article/10.1007/jhep02(2020)077,Journal of High Energy Physics
https://www.natureindex.com/article/10.1007/jhep02(2020)042,Journal of High Energy Physics
https://www.natureindex.com/article/10.1007/jhep02(2020)041,Journal of High Energy Physics
https://www.natureindex.com/article/10.1007/jhep01(2020)178,Journal of High Energy Physics
https://www.natureindex.com/article/10.1007/jhep01(2020)146,Journal of High Energy Physics
https://www.natureindex.com/article/10.1007/jhep01(2020)095,Journal of High Energy Physics
https://www.natureindex.com/article/10.1007/jhep01(2020)051,Journal of High Energy Physics
https://www.natureindex.com/article/10.1007/jhep01(2020)014,Journal of High Energy Physics
https://www.natureindex.com/article/10.1007/jhep12(2019)092,Journal of High Energy Physics
https://www.natureindex.com/article/10.1007/jhep12(2019)060,Journal of High Energy Physics
https://www.natureindex.com/article/10.1007/jhep12(2019)019,Journal of High Energy Physics
https://www.natureindex.com/article/10.1093/mnrasl/slaa154,Monthly Notices of the Royal Astronomical Society: Letters
https://www.natureindex.com/article/10.1093/mnrasl/slaa106,Monthly Notices of the Royal Astronomical Society: Letters
https://www.natureindex.com/article/10.1093/mnrasl/slaa078,Monthly Notices of the Royal Astronomical Society: Letters
https://www.natureindex.com/article/10.1093/mnrasl/slaa069,Monthly Notices of the Royal Astronomical Society: Letters
https://www.natureindex.com/article/10.1093/mnrasl/slaa040,Monthly Notices of the Royal Astronomical Society: Letters
https://www.natureindex.com/article/10.1093/mnrasl/slaa036,Monthly Notices of the Royal Astronomical Society: Letters
https://www.natureindex.com/article/10.1093/mnrasl/slaa019,Monthly Notices of the Royal Astronomical Society: Letters
https://www.natureindex.com/article/10.1038/s41586-020-2439-x,Nature
https://www.natureindex.com/article/10.1038/s41586-020-2354-1,Nature
https://www.natureindex.com/article/10.1038/s41467-020-19021-3,Nature Communications
https://www.natureindex.com/article/10.1038/s41467-020-18894-8,Nature Communications
https://www.natureindex.com/article/10.1038/s41467-020-18709-w,Nature Communications
https://www.natureindex.com/article/10.1038/s41467-020-17442-8,Nature Communications
https://www.natureindex.com/article/10.1038/s41467-020-16937-8,Nature Communications
https://www.natureindex.com/article/10.1038/s41467-020-14830-y,Nature Communications
https://www.natureindex.com/article/10.1038/s41467-020-14655-9,Nature Communications
https://www.natureindex.com/article/10.1038/s41566-020-0623-z,Nature Photonics
https://www.natureindex.com/article/10.1103/physreva.102.031501,Physical Review A
https://www.natureindex.com/article/10.1103/physreva.101.032308,Physical Review A
https://www.natureindex.com/article/10.1103/physrevd.102.083504,Physical Review D
https://www.natureindex.com/article/10.1103/physrevlett.125.221802,Physical Review Letters
https://www.natureindex.com/article/10.1103/physrevlett.125.162001,Physical Review Letters
https://www.natureindex.com/article/10.1103/physrevlett.125.141104,Physical Review Letters
https://www.natureindex.com/article/10.1103/physrevlett.125.131801,Physical Review Letters
https://www.natureindex.com/article/10.1103/physrevlett.125.061802,Physical Review Letters
https://www.natureindex.com/article/10.1103/physrevlett.125.022301,Physical Review Letters
https://www.natureindex.com/article/10.1103/physrevlett.125.051801,Physical Review Letters
https://www.natureindex.com/article/10.1103/physrevlett.125.012301,Physical Review Letters
https://www.natureindex.com/article/10.1103/physrevlett.125.010402,Physical Review Letters
https://www.natureindex.com/article/10.1103/physrevlett.124.222002,Physical Review Letters
https://www.natureindex.com/article/10.1103/physrevlett.124.101102,Physical Review Letters
https://www.natureindex.com/article/10.1103/physrevlett.124.092301,Physical Review Letters
https://www.natureindex.com/article/10.1103/physrevlett.124.082301,Physical Review Letters
https://www.natureindex.com/article/10.1103/physrevlett.124.042503,Physical Review Letters
https://www.natureindex.com/article/10.1103/physrevlett.124.031101,Physical Review Letters
https://www.natureindex.com/article/10.1103/physrevlett.124.031802,Physical Review Letters
https://www.natureindex.com/article/10.1073/pnas.2004432117,Proceedings of the National Academy of Sciences of the United States of America
https://www.natureindex.com/article/10.1073/pnas.2005583117,Proceedings of the National Academy of Sciences of the United States of America
https://www.natureindex.com/article/10.1073/pnas.2002146117,Proceedings of the National Academy of Sciences of the United States of America
https://www.natureindex.com/article/10.1073/pnas.1912094117,Proceedings of the National Academy of Sciences of the United States of America
https://www.natureindex.com/article/10.1126/science.aba9475,Science
https://www.natureindex.com/article/10.1126/sciadv.aay7919,Science Advances
https://www.natureindex.com/article/10.1126/sciadv.aay0837,Science Advances
https://www.natureindex.com/article/10.3847/2041-8213/abc562,The Astrophysical Journal Letters
https://www.natureindex.com/article/10.3847/2041-8213/abbccb,The Astrophysical Journal Letters
https://www.natureindex.com/article/10.3847/2041-8213/abbc02,The Astrophysical Journal Letters
https://www.natureindex.com/article/10.3847/2041-8213/ab9f3b,The Astrophysical Journal Letters
https://www.natureindex.com/article/10.3847/2041-8213/ab9df3,The Astrophysical Journal Letters
https://www.natureindex.com/article/10.3847/2041-8213/ab96c0,The Astrophysical Journal Letters
https://www.natureindex.com/article/10.3847/2041-8213/ab96ba,The Astrophysical Journal Letters
https://www.natureindex.com/article/10.3847/2041-8213/ab930a,The Astrophysical Journal Letters
https://www.natureindex.com/article/10.3847/2041-8213/ab88b6,The Astrophysical Journal Letters
https://www.natureindex.com/article/10.3847/2041-8213/ab8cc7,The Astrophysical Journal Letters
https://www.natureindex.com/article/10.3847/2041-8213/ab8b59,The Astrophysical Journal Letters
https://www.natureindex.com/article/10.3847/2041-8213/ab86b1,The Astrophysical Journal Letters
https://www.natureindex.com/article/10.3847/2041-8213/ab720a,The Astrophysical Journal Letters
https://www.natureindex.com/article/10.3847/2041-8213/ab72a5,The Astrophysical Journal Letters
https://www.natureindex.com/article/10.3847/2041-8213/ab7020,The Astrophysical Journal Letters
https://www.natureindex.com/article/10.3847/2041-8213/ab6f06,The Astrophysical Journal Letters
https://www.natureindex.com/article/10.3847/2041-8213/ab62a4,The Astrophysical Journal Letters
https://www.natureindex.com/article/10.3847/2041-8213/ab621a,The Astrophysical Journal Letters
https://www.natureindex.com/article/10.1002/adma.201908351,Advanced Materials
https://www.natureindex.com/article/10.1021/acs.analchem.0c03686,Analytical Chemistry
https://www.natureindex.com/article/10.1021/acs.analchem.0c01095,Analytical Chemistry
https://www.natureindex.com/article/10.1002/anie.202001055,Angewandte Chemie International Edition
https://www.natureindex.com/article/10.1039/d0cc00461h,Chemical Communications
https://www.natureindex.com/article/10.1039/c9cc08331f,Chemical Communications
https://www.natureindex.com/article/10.1039/d0sc04032k,Chemical Science
https://www.natureindex.com/article/10.1039/d0sc01232g,Chemical Science
https://www.natureindex.com/article/10.1039/d0sc00056f,Chemical Science
https://www.natureindex.com/article/10.1021/acs.inorgchem.0c02389,Inorganic Chemistry
https://www.natureindex.com/article/10.1021/acs.inorgchem.0c01533,Inorganic Chemistry
https://www.natureindex.com/article/10.1021/acs.inorgchem.0c02020,Inorganic Chemistry
https://www.natureindex.com/article/10.1021/acs.inorgchem.0c01582,Inorganic Chemistry
https://www.natureindex.com/article/10.1021/acs.inorgchem.0c00150,Inorganic Chemistry
https://www.natureindex.com/article/10.1021/acs.inorgchem.9b03654,Inorganic Chemistry
https://www.natureindex.com/article/10.1021/acs.inorgchem.0c00433,Inorganic Chemistry
https://www.natureindex.com/article/10.1021/acs.inorgchem.0c00079,Inorganic Chemistry
https://www.natureindex.com/article/10.1021/acs.inorgchem.9b03012,Inorganic Chemistry
https://www.natureindex.com/article/10.1021/acs.inorgchem.9b03142,Inorganic Chemistry
https://www.natureindex.com/article/10.1021/acs.inorgchem.9b02864,Inorganic Chemistry
https://www.natureindex.com/article/10.1021/jacs.9b11314,Journal of the American Chemical Society
https://www.natureindex.com/article/10.1021/acs.macromol.0c00770,Macromolecules
https://www.natureindex.com/article/10.1021/acs.macromol.0c00314,Macromolecules
https://www.natureindex.com/article/10.1021/acs.macromol.9b02473,Macromolecules
https://www.natureindex.com/article/10.1038/s41586-019-1804-0,Nature
https://www.natureindex.com/article/10.1038/s41467-020-19382-9,Nature Communications
https://www.natureindex.com/article/10.1038/s41467-020-19204-y,Nature Communications
https://www.natureindex.com/article/10.1038/s41467-020-18709-w,Nature Communications
https://www.natureindex.com/article/10.1038/s41467-020-17688-2,Nature Communications
https://www.natureindex.com/article/10.1038/s41467-020-17442-8,Nature Communications
https://www.natureindex.com/article/10.1038/s41467-020-16937-8,Nature Communications
https://www.natureindex.com/article/10.1038/s41467-020-16723-6,Nature Communications
https://www.natureindex.com/article/10.1038/s41467-020-15440-4,Nature Communications
https://www.natureindex.com/article/10.1038/s41467-020-15632-y,Nature Communications
https://www.natureindex.com/article/10.1038/s41467-020-14830-y,Nature Communications
https://www.natureindex.com/article/10.1038/s41467-020-14655-9,Nature Communications
https://www.natureindex.com/article/10.1021/acs.orglett.0c03705,Organic Letters
https://www.natureindex.com/article/10.1021/acs.orglett.0c00601,Organic Letters
https://www.natureindex.com/article/10.1073/pnas.2004432117,Proceedings of the National Academy of Sciences of the United States of America
https://www.natureindex.com/article/10.1126/sciadv.abb6179,Science Advances
https://www.natureindex.com/article/10.1126/sciadv.aba3269,Science Advances
